[2026-05-18T22:09:09.992+0000] {processor.py:161} INFO - Started process (PID=233) to work on /opt/airflow/dags/etl_dag.py
[2026-05-18T22:09:09.993+0000] {processor.py:830} INFO - Processing file /opt/airflow/dags/etl_dag.py for tasks to queue
[2026-05-18T22:09:09.995+0000] {logging_mixin.py:188} INFO - [2026-05-18T22:09:09.994+0000] {dagbag.py:538} INFO - Filling up the DagBag from /opt/airflow/dags/etl_dag.py
[2026-05-18T22:09:11.216+0000] {logging_mixin.py:188} INFO - [2026-05-18T22:09:11.213+0000] {dagbag.py:348} ERROR - Failed to import: /opt/airflow/dags/etl_dag.py
Traceback (most recent call last):
  File "/home/airflow/.local/lib/python3.8/site-packages/airflow/models/dagbag.py", line 344, in parse
    loader.exec_module(new_module)
  File "<frozen importlib._bootstrap_external>", line 843, in exec_module
  File "<frozen importlib._bootstrap>", line 219, in _call_with_frames_removed
  File "/opt/airflow/dags/etl_dag.py", line 23, in <module>
    from src.transform import transform_employee, transform_timesheet
  File "/opt/airflow/dags/../src/transform.py", line 14
    df = df.drop_duplicates()
    ^
IndentationError: expected an indented block
[2026-05-18T22:09:11.218+0000] {processor.py:842} WARNING - No viable dags retrieved from /opt/airflow/dags/etl_dag.py
[2026-05-18T22:09:11.236+0000] {processor.py:183} INFO - Processing /opt/airflow/dags/etl_dag.py took 1.247 seconds
[2026-05-18T22:09:41.426+0000] {processor.py:161} INFO - Started process (PID=251) to work on /opt/airflow/dags/etl_dag.py
[2026-05-18T22:09:41.428+0000] {processor.py:830} INFO - Processing file /opt/airflow/dags/etl_dag.py for tasks to queue
[2026-05-18T22:09:41.429+0000] {logging_mixin.py:188} INFO - [2026-05-18T22:09:41.428+0000] {dagbag.py:538} INFO - Filling up the DagBag from /opt/airflow/dags/etl_dag.py
[2026-05-18T22:09:41.916+0000] {logging_mixin.py:188} INFO - [2026-05-18T22:09:41.912+0000] {dagbag.py:348} ERROR - Failed to import: /opt/airflow/dags/etl_dag.py
Traceback (most recent call last):
  File "/home/airflow/.local/lib/python3.8/site-packages/airflow/models/dagbag.py", line 344, in parse
    loader.exec_module(new_module)
  File "<frozen importlib._bootstrap_external>", line 843, in exec_module
  File "<frozen importlib._bootstrap>", line 219, in _call_with_frames_removed
  File "/opt/airflow/dags/etl_dag.py", line 23, in <module>
    from src.transform import transform_employee, transform_timesheet
  File "/opt/airflow/dags/../src/transform.py", line 14
    df = df.drop_duplicates()
    ^
IndentationError: expected an indented block
[2026-05-18T22:09:41.917+0000] {processor.py:842} WARNING - No viable dags retrieved from /opt/airflow/dags/etl_dag.py
[2026-05-18T22:09:41.938+0000] {processor.py:183} INFO - Processing /opt/airflow/dags/etl_dag.py took 0.516 seconds
[2026-05-18T22:10:12.140+0000] {processor.py:161} INFO - Started process (PID=263) to work on /opt/airflow/dags/etl_dag.py
[2026-05-18T22:10:12.142+0000] {processor.py:830} INFO - Processing file /opt/airflow/dags/etl_dag.py for tasks to queue
[2026-05-18T22:10:12.143+0000] {logging_mixin.py:188} INFO - [2026-05-18T22:10:12.142+0000] {dagbag.py:538} INFO - Filling up the DagBag from /opt/airflow/dags/etl_dag.py
[2026-05-18T22:10:12.621+0000] {logging_mixin.py:188} INFO - [2026-05-18T22:10:12.617+0000] {dagbag.py:348} ERROR - Failed to import: /opt/airflow/dags/etl_dag.py
Traceback (most recent call last):
  File "/home/airflow/.local/lib/python3.8/site-packages/airflow/models/dagbag.py", line 344, in parse
    loader.exec_module(new_module)
  File "<frozen importlib._bootstrap_external>", line 843, in exec_module
  File "<frozen importlib._bootstrap>", line 219, in _call_with_frames_removed
  File "/opt/airflow/dags/etl_dag.py", line 23, in <module>
    from src.transform import transform_employee, transform_timesheet
  File "/opt/airflow/dags/../src/transform.py", line 14
    df = df.drop_duplicates()
    ^
IndentationError: expected an indented block
[2026-05-18T22:10:12.622+0000] {processor.py:842} WARNING - No viable dags retrieved from /opt/airflow/dags/etl_dag.py
[2026-05-18T22:10:12.641+0000] {processor.py:183} INFO - Processing /opt/airflow/dags/etl_dag.py took 0.507 seconds
[2026-05-18T22:10:42.739+0000] {processor.py:161} INFO - Started process (PID=275) to work on /opt/airflow/dags/etl_dag.py
[2026-05-18T22:10:42.741+0000] {processor.py:830} INFO - Processing file /opt/airflow/dags/etl_dag.py for tasks to queue
[2026-05-18T22:10:42.742+0000] {logging_mixin.py:188} INFO - [2026-05-18T22:10:42.742+0000] {dagbag.py:538} INFO - Filling up the DagBag from /opt/airflow/dags/etl_dag.py
[2026-05-18T22:10:43.229+0000] {logging_mixin.py:188} INFO - [2026-05-18T22:10:43.225+0000] {dagbag.py:348} ERROR - Failed to import: /opt/airflow/dags/etl_dag.py
Traceback (most recent call last):
  File "/home/airflow/.local/lib/python3.8/site-packages/airflow/models/dagbag.py", line 344, in parse
    loader.exec_module(new_module)
  File "<frozen importlib._bootstrap_external>", line 843, in exec_module
  File "<frozen importlib._bootstrap>", line 219, in _call_with_frames_removed
  File "/opt/airflow/dags/etl_dag.py", line 23, in <module>
    from src.transform import transform_employee, transform_timesheet
  File "/opt/airflow/dags/../src/transform.py", line 14
    df = df.drop_duplicates()
    ^
IndentationError: expected an indented block
[2026-05-18T22:10:43.230+0000] {processor.py:842} WARNING - No viable dags retrieved from /opt/airflow/dags/etl_dag.py
[2026-05-18T22:10:43.251+0000] {processor.py:183} INFO - Processing /opt/airflow/dags/etl_dag.py took 0.517 seconds
[2026-05-18T22:11:13.460+0000] {processor.py:161} INFO - Started process (PID=287) to work on /opt/airflow/dags/etl_dag.py
[2026-05-18T22:11:13.463+0000] {processor.py:830} INFO - Processing file /opt/airflow/dags/etl_dag.py for tasks to queue
[2026-05-18T22:11:13.465+0000] {logging_mixin.py:188} INFO - [2026-05-18T22:11:13.464+0000] {dagbag.py:538} INFO - Filling up the DagBag from /opt/airflow/dags/etl_dag.py
[2026-05-18T22:11:13.959+0000] {logging_mixin.py:188} INFO - [2026-05-18T22:11:13.955+0000] {dagbag.py:348} ERROR - Failed to import: /opt/airflow/dags/etl_dag.py
Traceback (most recent call last):
  File "/home/airflow/.local/lib/python3.8/site-packages/airflow/models/dagbag.py", line 344, in parse
    loader.exec_module(new_module)
  File "<frozen importlib._bootstrap_external>", line 843, in exec_module
  File "<frozen importlib._bootstrap>", line 219, in _call_with_frames_removed
  File "/opt/airflow/dags/etl_dag.py", line 23, in <module>
    from src.transform import transform_employee, transform_timesheet
  File "/opt/airflow/dags/../src/transform.py", line 14
    df = df.drop_duplicates()
    ^
IndentationError: expected an indented block
[2026-05-18T22:11:13.961+0000] {processor.py:842} WARNING - No viable dags retrieved from /opt/airflow/dags/etl_dag.py
[2026-05-18T22:11:13.983+0000] {processor.py:183} INFO - Processing /opt/airflow/dags/etl_dag.py took 0.530 seconds
[2026-05-18T22:11:44.137+0000] {processor.py:161} INFO - Started process (PID=299) to work on /opt/airflow/dags/etl_dag.py
[2026-05-18T22:11:44.139+0000] {processor.py:830} INFO - Processing file /opt/airflow/dags/etl_dag.py for tasks to queue
[2026-05-18T22:11:44.140+0000] {logging_mixin.py:188} INFO - [2026-05-18T22:11:44.139+0000] {dagbag.py:538} INFO - Filling up the DagBag from /opt/airflow/dags/etl_dag.py
[2026-05-18T22:11:44.610+0000] {logging_mixin.py:188} INFO - [2026-05-18T22:11:44.606+0000] {dagbag.py:348} ERROR - Failed to import: /opt/airflow/dags/etl_dag.py
Traceback (most recent call last):
  File "/home/airflow/.local/lib/python3.8/site-packages/airflow/models/dagbag.py", line 344, in parse
    loader.exec_module(new_module)
  File "<frozen importlib._bootstrap_external>", line 843, in exec_module
  File "<frozen importlib._bootstrap>", line 219, in _call_with_frames_removed
  File "/opt/airflow/dags/etl_dag.py", line 23, in <module>
    from src.transform import transform_employee, transform_timesheet
  File "/opt/airflow/dags/../src/transform.py", line 14
    df = df.drop_duplicates()
    ^
IndentationError: expected an indented block
[2026-05-18T22:11:44.612+0000] {processor.py:842} WARNING - No viable dags retrieved from /opt/airflow/dags/etl_dag.py
[2026-05-18T22:11:44.631+0000] {processor.py:183} INFO - Processing /opt/airflow/dags/etl_dag.py took 0.498 seconds
[2026-05-18T22:12:14.840+0000] {processor.py:161} INFO - Started process (PID=311) to work on /opt/airflow/dags/etl_dag.py
[2026-05-18T22:12:14.841+0000] {processor.py:830} INFO - Processing file /opt/airflow/dags/etl_dag.py for tasks to queue
[2026-05-18T22:12:14.842+0000] {logging_mixin.py:188} INFO - [2026-05-18T22:12:14.842+0000] {dagbag.py:538} INFO - Filling up the DagBag from /opt/airflow/dags/etl_dag.py
[2026-05-18T22:12:15.333+0000] {logging_mixin.py:188} INFO - [2026-05-18T22:12:15.329+0000] {dagbag.py:348} ERROR - Failed to import: /opt/airflow/dags/etl_dag.py
Traceback (most recent call last):
  File "/home/airflow/.local/lib/python3.8/site-packages/airflow/models/dagbag.py", line 344, in parse
    loader.exec_module(new_module)
  File "<frozen importlib._bootstrap_external>", line 843, in exec_module
  File "<frozen importlib._bootstrap>", line 219, in _call_with_frames_removed
  File "/opt/airflow/dags/etl_dag.py", line 23, in <module>
    from src.transform import transform_employee, transform_timesheet
  File "/opt/airflow/dags/../src/transform.py", line 14
    df = df.drop_duplicates()
    ^
IndentationError: expected an indented block
[2026-05-18T22:12:15.335+0000] {processor.py:842} WARNING - No viable dags retrieved from /opt/airflow/dags/etl_dag.py
[2026-05-18T22:12:15.356+0000] {processor.py:183} INFO - Processing /opt/airflow/dags/etl_dag.py took 0.520 seconds
[2026-05-18T22:12:45.462+0000] {processor.py:161} INFO - Started process (PID=323) to work on /opt/airflow/dags/etl_dag.py
[2026-05-18T22:12:45.463+0000] {processor.py:830} INFO - Processing file /opt/airflow/dags/etl_dag.py for tasks to queue
[2026-05-18T22:12:45.464+0000] {logging_mixin.py:188} INFO - [2026-05-18T22:12:45.464+0000] {dagbag.py:538} INFO - Filling up the DagBag from /opt/airflow/dags/etl_dag.py
[2026-05-18T22:12:46.184+0000] {processor.py:840} INFO - DAG(s) 'etl_end_to_end_pipeline' retrieved from /opt/airflow/dags/etl_dag.py
[2026-05-18T22:12:46.360+0000] {logging_mixin.py:188} INFO - [2026-05-18T22:12:46.360+0000] {override.py:1769} INFO - Created Permission View: can edit on DAG:etl_end_to_end_pipeline
[2026-05-18T22:12:46.369+0000] {logging_mixin.py:188} INFO - [2026-05-18T22:12:46.369+0000] {override.py:1769} INFO - Created Permission View: can read on DAG:etl_end_to_end_pipeline
[2026-05-18T22:12:46.375+0000] {logging_mixin.py:188} INFO - [2026-05-18T22:12:46.375+0000] {override.py:1769} INFO - Created Permission View: can delete on DAG:etl_end_to_end_pipeline
[2026-05-18T22:12:46.376+0000] {logging_mixin.py:188} INFO - [2026-05-18T22:12:46.376+0000] {dag.py:3036} INFO - Sync 1 DAGs
[2026-05-18T22:12:46.384+0000] {logging_mixin.py:188} INFO - [2026-05-18T22:12:46.384+0000] {dag.py:3058} INFO - Creating ORM DAG for etl_end_to_end_pipeline
[2026-05-18T22:12:46.392+0000] {logging_mixin.py:188} INFO - [2026-05-18T22:12:46.392+0000] {dag.py:3823} INFO - Setting next_dagrun for etl_end_to_end_pipeline to 2026-05-17 00:00:00+00:00, run_after=2026-05-18 00:00:00+00:00
[2026-05-18T22:12:46.412+0000] {processor.py:183} INFO - Processing /opt/airflow/dags/etl_dag.py took 0.953 seconds
[2026-05-18T22:13:16.621+0000] {processor.py:161} INFO - Started process (PID=341) to work on /opt/airflow/dags/etl_dag.py
[2026-05-18T22:13:16.623+0000] {processor.py:830} INFO - Processing file /opt/airflow/dags/etl_dag.py for tasks to queue
[2026-05-18T22:13:16.624+0000] {logging_mixin.py:188} INFO - [2026-05-18T22:13:16.624+0000] {dagbag.py:538} INFO - Filling up the DagBag from /opt/airflow/dags/etl_dag.py
[2026-05-18T22:13:17.146+0000] {processor.py:840} INFO - DAG(s) 'etl_end_to_end_pipeline' retrieved from /opt/airflow/dags/etl_dag.py
[2026-05-18T22:13:17.171+0000] {logging_mixin.py:188} INFO - [2026-05-18T22:13:17.171+0000] {dag.py:3036} INFO - Sync 1 DAGs
[2026-05-18T22:13:17.189+0000] {logging_mixin.py:188} INFO - [2026-05-18T22:13:17.189+0000] {dag.py:3823} INFO - Setting next_dagrun for etl_end_to_end_pipeline to 2026-05-17 00:00:00+00:00, run_after=2026-05-18 00:00:00+00:00
[2026-05-18T22:13:17.206+0000] {processor.py:183} INFO - Processing /opt/airflow/dags/etl_dag.py took 0.589 seconds
[2026-05-18T22:13:47.414+0000] {processor.py:161} INFO - Started process (PID=353) to work on /opt/airflow/dags/etl_dag.py
[2026-05-18T22:13:47.415+0000] {processor.py:830} INFO - Processing file /opt/airflow/dags/etl_dag.py for tasks to queue
[2026-05-18T22:13:47.416+0000] {logging_mixin.py:188} INFO - [2026-05-18T22:13:47.416+0000] {dagbag.py:538} INFO - Filling up the DagBag from /opt/airflow/dags/etl_dag.py
[2026-05-18T22:13:47.923+0000] {processor.py:840} INFO - DAG(s) 'etl_end_to_end_pipeline' retrieved from /opt/airflow/dags/etl_dag.py
[2026-05-18T22:13:47.949+0000] {logging_mixin.py:188} INFO - [2026-05-18T22:13:47.948+0000] {dag.py:3036} INFO - Sync 1 DAGs
[2026-05-18T22:13:47.966+0000] {logging_mixin.py:188} INFO - [2026-05-18T22:13:47.966+0000] {dag.py:3823} INFO - Setting next_dagrun for etl_end_to_end_pipeline to 2026-05-17 00:00:00+00:00, run_after=2026-05-18 00:00:00+00:00
[2026-05-18T22:13:47.982+0000] {processor.py:183} INFO - Processing /opt/airflow/dags/etl_dag.py took 0.571 seconds
[2026-05-18T22:14:18.177+0000] {processor.py:161} INFO - Started process (PID=365) to work on /opt/airflow/dags/etl_dag.py
[2026-05-18T22:14:18.178+0000] {processor.py:830} INFO - Processing file /opt/airflow/dags/etl_dag.py for tasks to queue
[2026-05-18T22:14:18.179+0000] {logging_mixin.py:188} INFO - [2026-05-18T22:14:18.179+0000] {dagbag.py:538} INFO - Filling up the DagBag from /opt/airflow/dags/etl_dag.py
[2026-05-18T22:14:18.710+0000] {processor.py:840} INFO - DAG(s) 'etl_end_to_end_pipeline' retrieved from /opt/airflow/dags/etl_dag.py
[2026-05-18T22:14:18.736+0000] {logging_mixin.py:188} INFO - [2026-05-18T22:14:18.736+0000] {dag.py:3036} INFO - Sync 1 DAGs
[2026-05-18T22:14:18.755+0000] {logging_mixin.py:188} INFO - [2026-05-18T22:14:18.755+0000] {dag.py:3823} INFO - Setting next_dagrun for etl_end_to_end_pipeline to 2026-05-17 00:00:00+00:00, run_after=2026-05-18 00:00:00+00:00
[2026-05-18T22:14:18.773+0000] {processor.py:183} INFO - Processing /opt/airflow/dags/etl_dag.py took 0.599 seconds
[2026-05-18T22:14:48.980+0000] {processor.py:161} INFO - Started process (PID=377) to work on /opt/airflow/dags/etl_dag.py
[2026-05-18T22:14:48.981+0000] {processor.py:830} INFO - Processing file /opt/airflow/dags/etl_dag.py for tasks to queue
[2026-05-18T22:14:48.983+0000] {logging_mixin.py:188} INFO - [2026-05-18T22:14:48.982+0000] {dagbag.py:538} INFO - Filling up the DagBag from /opt/airflow/dags/etl_dag.py
[2026-05-18T22:14:49.473+0000] {processor.py:840} INFO - DAG(s) 'etl_end_to_end_pipeline' retrieved from /opt/airflow/dags/etl_dag.py
[2026-05-18T22:14:49.498+0000] {logging_mixin.py:188} INFO - [2026-05-18T22:14:49.498+0000] {dag.py:3036} INFO - Sync 1 DAGs
[2026-05-18T22:14:49.516+0000] {logging_mixin.py:188} INFO - [2026-05-18T22:14:49.515+0000] {dag.py:3823} INFO - Setting next_dagrun for etl_end_to_end_pipeline to 2026-05-17 00:00:00+00:00, run_after=2026-05-18 00:00:00+00:00
[2026-05-18T22:14:49.531+0000] {processor.py:183} INFO - Processing /opt/airflow/dags/etl_dag.py took 0.554 seconds
[2026-05-18T22:15:19.725+0000] {processor.py:161} INFO - Started process (PID=389) to work on /opt/airflow/dags/etl_dag.py
[2026-05-18T22:15:19.726+0000] {processor.py:830} INFO - Processing file /opt/airflow/dags/etl_dag.py for tasks to queue
[2026-05-18T22:15:19.727+0000] {logging_mixin.py:188} INFO - [2026-05-18T22:15:19.727+0000] {dagbag.py:538} INFO - Filling up the DagBag from /opt/airflow/dags/etl_dag.py
[2026-05-18T22:15:20.233+0000] {processor.py:840} INFO - DAG(s) 'etl_end_to_end_pipeline' retrieved from /opt/airflow/dags/etl_dag.py
[2026-05-18T22:15:20.260+0000] {logging_mixin.py:188} INFO - [2026-05-18T22:15:20.260+0000] {dag.py:3036} INFO - Sync 1 DAGs
[2026-05-18T22:15:20.276+0000] {logging_mixin.py:188} INFO - [2026-05-18T22:15:20.276+0000] {dag.py:3823} INFO - Setting next_dagrun for etl_end_to_end_pipeline to 2026-05-17 00:00:00+00:00, run_after=2026-05-18 00:00:00+00:00
[2026-05-18T22:15:20.293+0000] {processor.py:183} INFO - Processing /opt/airflow/dags/etl_dag.py took 0.571 seconds
[2026-05-18T22:15:50.509+0000] {processor.py:161} INFO - Started process (PID=401) to work on /opt/airflow/dags/etl_dag.py
[2026-05-18T22:15:50.510+0000] {processor.py:830} INFO - Processing file /opt/airflow/dags/etl_dag.py for tasks to queue
[2026-05-18T22:15:50.511+0000] {logging_mixin.py:188} INFO - [2026-05-18T22:15:50.511+0000] {dagbag.py:538} INFO - Filling up the DagBag from /opt/airflow/dags/etl_dag.py
[2026-05-18T22:15:51.003+0000] {processor.py:840} INFO - DAG(s) 'etl_end_to_end_pipeline' retrieved from /opt/airflow/dags/etl_dag.py
[2026-05-18T22:15:51.028+0000] {logging_mixin.py:188} INFO - [2026-05-18T22:15:51.028+0000] {dag.py:3036} INFO - Sync 1 DAGs
[2026-05-18T22:15:51.046+0000] {logging_mixin.py:188} INFO - [2026-05-18T22:15:51.046+0000] {dag.py:3823} INFO - Setting next_dagrun for etl_end_to_end_pipeline to 2026-05-17 00:00:00+00:00, run_after=2026-05-18 00:00:00+00:00
[2026-05-18T22:15:51.061+0000] {processor.py:183} INFO - Processing /opt/airflow/dags/etl_dag.py took 0.555 seconds
[2026-05-18T22:16:21.257+0000] {processor.py:161} INFO - Started process (PID=413) to work on /opt/airflow/dags/etl_dag.py
[2026-05-18T22:16:21.258+0000] {processor.py:830} INFO - Processing file /opt/airflow/dags/etl_dag.py for tasks to queue
[2026-05-18T22:16:21.259+0000] {logging_mixin.py:188} INFO - [2026-05-18T22:16:21.259+0000] {dagbag.py:538} INFO - Filling up the DagBag from /opt/airflow/dags/etl_dag.py
[2026-05-18T22:16:21.767+0000] {processor.py:840} INFO - DAG(s) 'etl_end_to_end_pipeline' retrieved from /opt/airflow/dags/etl_dag.py
[2026-05-18T22:16:21.793+0000] {logging_mixin.py:188} INFO - [2026-05-18T22:16:21.793+0000] {dag.py:3036} INFO - Sync 1 DAGs
[2026-05-18T22:16:21.810+0000] {logging_mixin.py:188} INFO - [2026-05-18T22:16:21.810+0000] {dag.py:3823} INFO - Setting next_dagrun for etl_end_to_end_pipeline to 2026-05-17 00:00:00+00:00, run_after=2026-05-18 00:00:00+00:00
[2026-05-18T22:16:21.828+0000] {processor.py:183} INFO - Processing /opt/airflow/dags/etl_dag.py took 0.575 seconds
[2026-05-18T22:16:52.037+0000] {processor.py:161} INFO - Started process (PID=426) to work on /opt/airflow/dags/etl_dag.py
[2026-05-18T22:16:52.038+0000] {processor.py:830} INFO - Processing file /opt/airflow/dags/etl_dag.py for tasks to queue
[2026-05-18T22:16:52.039+0000] {logging_mixin.py:188} INFO - [2026-05-18T22:16:52.039+0000] {dagbag.py:538} INFO - Filling up the DagBag from /opt/airflow/dags/etl_dag.py
[2026-05-18T22:16:52.526+0000] {processor.py:840} INFO - DAG(s) 'etl_end_to_end_pipeline' retrieved from /opt/airflow/dags/etl_dag.py
[2026-05-18T22:16:52.553+0000] {logging_mixin.py:188} INFO - [2026-05-18T22:16:52.553+0000] {dag.py:3036} INFO - Sync 1 DAGs
[2026-05-18T22:16:52.571+0000] {logging_mixin.py:188} INFO - [2026-05-18T22:16:52.570+0000] {dag.py:3823} INFO - Setting next_dagrun for etl_end_to_end_pipeline to 2026-05-17 00:00:00+00:00, run_after=2026-05-18 00:00:00+00:00
[2026-05-18T22:16:52.587+0000] {processor.py:183} INFO - Processing /opt/airflow/dags/etl_dag.py took 0.555 seconds
[2026-05-18T22:17:22.783+0000] {processor.py:161} INFO - Started process (PID=438) to work on /opt/airflow/dags/etl_dag.py
[2026-05-18T22:17:22.784+0000] {processor.py:830} INFO - Processing file /opt/airflow/dags/etl_dag.py for tasks to queue
[2026-05-18T22:17:22.785+0000] {logging_mixin.py:188} INFO - [2026-05-18T22:17:22.785+0000] {dagbag.py:538} INFO - Filling up the DagBag from /opt/airflow/dags/etl_dag.py
[2026-05-18T22:17:23.271+0000] {processor.py:840} INFO - DAG(s) 'etl_end_to_end_pipeline' retrieved from /opt/airflow/dags/etl_dag.py
[2026-05-18T22:17:23.298+0000] {logging_mixin.py:188} INFO - [2026-05-18T22:17:23.297+0000] {dag.py:3036} INFO - Sync 1 DAGs
[2026-05-18T22:17:23.315+0000] {logging_mixin.py:188} INFO - [2026-05-18T22:17:23.315+0000] {dag.py:3823} INFO - Setting next_dagrun for etl_end_to_end_pipeline to 2026-05-17 00:00:00+00:00, run_after=2026-05-18 00:00:00+00:00
[2026-05-18T22:17:23.332+0000] {processor.py:183} INFO - Processing /opt/airflow/dags/etl_dag.py took 0.552 seconds
[2026-05-18T22:17:53.544+0000] {processor.py:161} INFO - Started process (PID=450) to work on /opt/airflow/dags/etl_dag.py
[2026-05-18T22:17:53.547+0000] {processor.py:830} INFO - Processing file /opt/airflow/dags/etl_dag.py for tasks to queue
[2026-05-18T22:17:53.548+0000] {logging_mixin.py:188} INFO - [2026-05-18T22:17:53.547+0000] {dagbag.py:538} INFO - Filling up the DagBag from /opt/airflow/dags/etl_dag.py
[2026-05-18T22:17:54.068+0000] {processor.py:840} INFO - DAG(s) 'etl_end_to_end_pipeline' retrieved from /opt/airflow/dags/etl_dag.py
[2026-05-18T22:17:54.099+0000] {logging_mixin.py:188} INFO - [2026-05-18T22:17:54.098+0000] {dag.py:3036} INFO - Sync 1 DAGs
[2026-05-18T22:17:54.116+0000] {logging_mixin.py:188} INFO - [2026-05-18T22:17:54.116+0000] {dag.py:3823} INFO - Setting next_dagrun for etl_end_to_end_pipeline to 2026-05-17 00:00:00+00:00, run_after=2026-05-18 00:00:00+00:00
[2026-05-18T22:17:54.132+0000] {processor.py:183} INFO - Processing /opt/airflow/dags/etl_dag.py took 0.593 seconds
[2026-05-18T22:18:24.325+0000] {processor.py:161} INFO - Started process (PID=463) to work on /opt/airflow/dags/etl_dag.py
[2026-05-18T22:18:24.327+0000] {processor.py:830} INFO - Processing file /opt/airflow/dags/etl_dag.py for tasks to queue
[2026-05-18T22:18:24.328+0000] {logging_mixin.py:188} INFO - [2026-05-18T22:18:24.328+0000] {dagbag.py:538} INFO - Filling up the DagBag from /opt/airflow/dags/etl_dag.py
[2026-05-18T22:18:24.817+0000] {processor.py:840} INFO - DAG(s) 'etl_end_to_end_pipeline' retrieved from /opt/airflow/dags/etl_dag.py
[2026-05-18T22:18:24.843+0000] {logging_mixin.py:188} INFO - [2026-05-18T22:18:24.843+0000] {dag.py:3036} INFO - Sync 1 DAGs
[2026-05-18T22:18:24.860+0000] {logging_mixin.py:188} INFO - [2026-05-18T22:18:24.860+0000] {dag.py:3823} INFO - Setting next_dagrun for etl_end_to_end_pipeline to 2026-05-17 00:00:00+00:00, run_after=2026-05-18 00:00:00+00:00
[2026-05-18T22:18:24.876+0000] {processor.py:183} INFO - Processing /opt/airflow/dags/etl_dag.py took 0.554 seconds
[2026-05-18T22:18:55.083+0000] {processor.py:161} INFO - Started process (PID=475) to work on /opt/airflow/dags/etl_dag.py
[2026-05-18T22:18:55.085+0000] {processor.py:830} INFO - Processing file /opt/airflow/dags/etl_dag.py for tasks to queue
[2026-05-18T22:18:55.086+0000] {logging_mixin.py:188} INFO - [2026-05-18T22:18:55.085+0000] {dagbag.py:538} INFO - Filling up the DagBag from /opt/airflow/dags/etl_dag.py
[2026-05-18T22:18:55.572+0000] {processor.py:840} INFO - DAG(s) 'etl_end_to_end_pipeline' retrieved from /opt/airflow/dags/etl_dag.py
[2026-05-18T22:18:55.598+0000] {logging_mixin.py:188} INFO - [2026-05-18T22:18:55.597+0000] {dag.py:3036} INFO - Sync 1 DAGs
[2026-05-18T22:18:55.616+0000] {logging_mixin.py:188} INFO - [2026-05-18T22:18:55.616+0000] {dag.py:3823} INFO - Setting next_dagrun for etl_end_to_end_pipeline to 2026-05-17 00:00:00+00:00, run_after=2026-05-18 00:00:00+00:00
[2026-05-18T22:18:55.633+0000] {processor.py:183} INFO - Processing /opt/airflow/dags/etl_dag.py took 0.553 seconds
[2026-05-18T22:19:25.826+0000] {processor.py:161} INFO - Started process (PID=487) to work on /opt/airflow/dags/etl_dag.py
[2026-05-18T22:19:25.827+0000] {processor.py:830} INFO - Processing file /opt/airflow/dags/etl_dag.py for tasks to queue
[2026-05-18T22:19:25.828+0000] {logging_mixin.py:188} INFO - [2026-05-18T22:19:25.828+0000] {dagbag.py:538} INFO - Filling up the DagBag from /opt/airflow/dags/etl_dag.py
[2026-05-18T22:19:26.329+0000] {processor.py:840} INFO - DAG(s) 'etl_end_to_end_pipeline' retrieved from /opt/airflow/dags/etl_dag.py
[2026-05-18T22:19:26.359+0000] {logging_mixin.py:188} INFO - [2026-05-18T22:19:26.358+0000] {dag.py:3036} INFO - Sync 1 DAGs
[2026-05-18T22:19:26.380+0000] {logging_mixin.py:188} INFO - [2026-05-18T22:19:26.379+0000] {dag.py:3823} INFO - Setting next_dagrun for etl_end_to_end_pipeline to 2026-05-17 00:00:00+00:00, run_after=2026-05-18 00:00:00+00:00
[2026-05-18T22:19:26.396+0000] {processor.py:183} INFO - Processing /opt/airflow/dags/etl_dag.py took 0.574 seconds
[2026-05-18T22:19:56.604+0000] {processor.py:161} INFO - Started process (PID=499) to work on /opt/airflow/dags/etl_dag.py
[2026-05-18T22:19:56.606+0000] {processor.py:830} INFO - Processing file /opt/airflow/dags/etl_dag.py for tasks to queue
[2026-05-18T22:19:56.607+0000] {logging_mixin.py:188} INFO - [2026-05-18T22:19:56.606+0000] {dagbag.py:538} INFO - Filling up the DagBag from /opt/airflow/dags/etl_dag.py
[2026-05-18T22:19:57.100+0000] {processor.py:840} INFO - DAG(s) 'etl_end_to_end_pipeline' retrieved from /opt/airflow/dags/etl_dag.py
[2026-05-18T22:19:57.125+0000] {logging_mixin.py:188} INFO - [2026-05-18T22:19:57.125+0000] {dag.py:3036} INFO - Sync 1 DAGs
[2026-05-18T22:19:57.143+0000] {logging_mixin.py:188} INFO - [2026-05-18T22:19:57.143+0000] {dag.py:3823} INFO - Setting next_dagrun for etl_end_to_end_pipeline to 2026-05-17 00:00:00+00:00, run_after=2026-05-18 00:00:00+00:00
[2026-05-18T22:19:57.158+0000] {processor.py:183} INFO - Processing /opt/airflow/dags/etl_dag.py took 0.557 seconds
[2026-05-18T22:20:27.352+0000] {processor.py:161} INFO - Started process (PID=511) to work on /opt/airflow/dags/etl_dag.py
[2026-05-18T22:20:27.353+0000] {processor.py:830} INFO - Processing file /opt/airflow/dags/etl_dag.py for tasks to queue
[2026-05-18T22:20:27.354+0000] {logging_mixin.py:188} INFO - [2026-05-18T22:20:27.353+0000] {dagbag.py:538} INFO - Filling up the DagBag from /opt/airflow/dags/etl_dag.py
[2026-05-18T22:20:27.869+0000] {processor.py:840} INFO - DAG(s) 'etl_end_to_end_pipeline' retrieved from /opt/airflow/dags/etl_dag.py
[2026-05-18T22:20:27.895+0000] {logging_mixin.py:188} INFO - [2026-05-18T22:20:27.895+0000] {dag.py:3036} INFO - Sync 1 DAGs
[2026-05-18T22:20:27.912+0000] {logging_mixin.py:188} INFO - [2026-05-18T22:20:27.912+0000] {dag.py:3823} INFO - Setting next_dagrun for etl_end_to_end_pipeline to 2026-05-17 00:00:00+00:00, run_after=2026-05-18 00:00:00+00:00
[2026-05-18T22:20:27.930+0000] {processor.py:183} INFO - Processing /opt/airflow/dags/etl_dag.py took 0.582 seconds
[2026-05-18T22:20:58.137+0000] {processor.py:161} INFO - Started process (PID=523) to work on /opt/airflow/dags/etl_dag.py
[2026-05-18T22:20:58.138+0000] {processor.py:830} INFO - Processing file /opt/airflow/dags/etl_dag.py for tasks to queue
[2026-05-18T22:20:58.139+0000] {logging_mixin.py:188} INFO - [2026-05-18T22:20:58.138+0000] {dagbag.py:538} INFO - Filling up the DagBag from /opt/airflow/dags/etl_dag.py
[2026-05-18T22:20:58.626+0000] {processor.py:840} INFO - DAG(s) 'etl_end_to_end_pipeline' retrieved from /opt/airflow/dags/etl_dag.py
[2026-05-18T22:20:58.651+0000] {logging_mixin.py:188} INFO - [2026-05-18T22:20:58.651+0000] {dag.py:3036} INFO - Sync 1 DAGs
[2026-05-18T22:20:58.668+0000] {logging_mixin.py:188} INFO - [2026-05-18T22:20:58.668+0000] {dag.py:3823} INFO - Setting next_dagrun for etl_end_to_end_pipeline to 2026-05-17 00:00:00+00:00, run_after=2026-05-18 00:00:00+00:00
[2026-05-18T22:20:58.683+0000] {processor.py:183} INFO - Processing /opt/airflow/dags/etl_dag.py took 0.550 seconds
[2026-05-18T22:21:28.883+0000] {processor.py:161} INFO - Started process (PID=535) to work on /opt/airflow/dags/etl_dag.py
[2026-05-18T22:21:28.885+0000] {processor.py:830} INFO - Processing file /opt/airflow/dags/etl_dag.py for tasks to queue
[2026-05-18T22:21:28.886+0000] {logging_mixin.py:188} INFO - [2026-05-18T22:21:28.885+0000] {dagbag.py:538} INFO - Filling up the DagBag from /opt/airflow/dags/etl_dag.py
[2026-05-18T22:21:30.099+0000] {processor.py:840} INFO - DAG(s) 'etl_end_to_end_pipeline' retrieved from /opt/airflow/dags/etl_dag.py
[2026-05-18T22:21:30.155+0000] {logging_mixin.py:188} INFO - [2026-05-18T22:21:30.154+0000] {dag.py:3036} INFO - Sync 1 DAGs
[2026-05-18T22:21:30.186+0000] {logging_mixin.py:188} INFO - [2026-05-18T22:21:30.186+0000] {dag.py:3823} INFO - Setting next_dagrun for etl_end_to_end_pipeline to 2026-05-17 00:00:00+00:00, run_after=2026-05-18 00:00:00+00:00
[2026-05-18T22:21:30.208+0000] {processor.py:183} INFO - Processing /opt/airflow/dags/etl_dag.py took 1.331 seconds
[2026-05-18T22:22:00.428+0000] {processor.py:161} INFO - Started process (PID=548) to work on /opt/airflow/dags/etl_dag.py
[2026-05-18T22:22:00.431+0000] {processor.py:830} INFO - Processing file /opt/airflow/dags/etl_dag.py for tasks to queue
[2026-05-18T22:22:00.433+0000] {logging_mixin.py:188} INFO - [2026-05-18T22:22:00.432+0000] {dagbag.py:538} INFO - Filling up the DagBag from /opt/airflow/dags/etl_dag.py
[2026-05-18T22:22:01.057+0000] {processor.py:840} INFO - DAG(s) 'etl_end_to_end_pipeline' retrieved from /opt/airflow/dags/etl_dag.py
[2026-05-18T22:22:01.083+0000] {logging_mixin.py:188} INFO - [2026-05-18T22:22:01.083+0000] {dag.py:3036} INFO - Sync 1 DAGs
[2026-05-18T22:22:01.100+0000] {logging_mixin.py:188} INFO - [2026-05-18T22:22:01.100+0000] {dag.py:3823} INFO - Setting next_dagrun for etl_end_to_end_pipeline to 2026-05-17 00:00:00+00:00, run_after=2026-05-18 00:00:00+00:00
[2026-05-18T22:22:01.117+0000] {processor.py:183} INFO - Processing /opt/airflow/dags/etl_dag.py took 0.699 seconds
[2026-05-18T22:22:31.214+0000] {processor.py:161} INFO - Started process (PID=560) to work on /opt/airflow/dags/etl_dag.py
[2026-05-18T22:22:31.215+0000] {processor.py:830} INFO - Processing file /opt/airflow/dags/etl_dag.py for tasks to queue
[2026-05-18T22:22:31.216+0000] {logging_mixin.py:188} INFO - [2026-05-18T22:22:31.215+0000] {dagbag.py:538} INFO - Filling up the DagBag from /opt/airflow/dags/etl_dag.py
[2026-05-18T22:22:31.703+0000] {processor.py:840} INFO - DAG(s) 'etl_end_to_end_pipeline' retrieved from /opt/airflow/dags/etl_dag.py
[2026-05-18T22:22:31.727+0000] {logging_mixin.py:188} INFO - [2026-05-18T22:22:31.727+0000] {dag.py:3036} INFO - Sync 1 DAGs
[2026-05-18T22:22:31.744+0000] {logging_mixin.py:188} INFO - [2026-05-18T22:22:31.744+0000] {dag.py:3823} INFO - Setting next_dagrun for etl_end_to_end_pipeline to 2026-05-17 00:00:00+00:00, run_after=2026-05-18 00:00:00+00:00
[2026-05-18T22:22:31.759+0000] {processor.py:183} INFO - Processing /opt/airflow/dags/etl_dag.py took 0.549 seconds
[2026-05-18T22:23:01.971+0000] {processor.py:161} INFO - Started process (PID=573) to work on /opt/airflow/dags/etl_dag.py
[2026-05-18T22:23:01.972+0000] {processor.py:830} INFO - Processing file /opt/airflow/dags/etl_dag.py for tasks to queue
[2026-05-18T22:23:01.973+0000] {logging_mixin.py:188} INFO - [2026-05-18T22:23:01.973+0000] {dagbag.py:538} INFO - Filling up the DagBag from /opt/airflow/dags/etl_dag.py
[2026-05-18T22:23:02.589+0000] {processor.py:840} INFO - DAG(s) 'etl_end_to_end_pipeline' retrieved from /opt/airflow/dags/etl_dag.py
[2026-05-18T22:23:02.620+0000] {logging_mixin.py:188} INFO - [2026-05-18T22:23:02.619+0000] {dag.py:3036} INFO - Sync 1 DAGs
[2026-05-18T22:23:02.637+0000] {logging_mixin.py:188} INFO - [2026-05-18T22:23:02.637+0000] {dag.py:3823} INFO - Setting next_dagrun for etl_end_to_end_pipeline to 2026-05-17 00:00:00+00:00, run_after=2026-05-18 00:00:00+00:00
[2026-05-18T22:23:02.652+0000] {processor.py:183} INFO - Processing /opt/airflow/dags/etl_dag.py took 0.686 seconds
[2026-05-18T22:23:32.845+0000] {processor.py:161} INFO - Started process (PID=585) to work on /opt/airflow/dags/etl_dag.py
[2026-05-18T22:23:32.846+0000] {processor.py:830} INFO - Processing file /opt/airflow/dags/etl_dag.py for tasks to queue
[2026-05-18T22:23:32.847+0000] {logging_mixin.py:188} INFO - [2026-05-18T22:23:32.847+0000] {dagbag.py:538} INFO - Filling up the DagBag from /opt/airflow/dags/etl_dag.py
[2026-05-18T22:23:33.338+0000] {processor.py:840} INFO - DAG(s) 'etl_end_to_end_pipeline' retrieved from /opt/airflow/dags/etl_dag.py
[2026-05-18T22:23:33.362+0000] {logging_mixin.py:188} INFO - [2026-05-18T22:23:33.362+0000] {dag.py:3036} INFO - Sync 1 DAGs
[2026-05-18T22:23:33.379+0000] {logging_mixin.py:188} INFO - [2026-05-18T22:23:33.379+0000] {dag.py:3823} INFO - Setting next_dagrun for etl_end_to_end_pipeline to 2026-05-17 00:00:00+00:00, run_after=2026-05-18 00:00:00+00:00
[2026-05-18T22:23:33.394+0000] {processor.py:183} INFO - Processing /opt/airflow/dags/etl_dag.py took 0.552 seconds
[2026-05-18T22:24:03.606+0000] {processor.py:161} INFO - Started process (PID=597) to work on /opt/airflow/dags/etl_dag.py
[2026-05-18T22:24:03.607+0000] {processor.py:830} INFO - Processing file /opt/airflow/dags/etl_dag.py for tasks to queue
[2026-05-18T22:24:03.608+0000] {logging_mixin.py:188} INFO - [2026-05-18T22:24:03.608+0000] {dagbag.py:538} INFO - Filling up the DagBag from /opt/airflow/dags/etl_dag.py
[2026-05-18T22:24:04.138+0000] {processor.py:840} INFO - DAG(s) 'etl_end_to_end_pipeline' retrieved from /opt/airflow/dags/etl_dag.py
[2026-05-18T22:24:04.163+0000] {logging_mixin.py:188} INFO - [2026-05-18T22:24:04.162+0000] {dag.py:3036} INFO - Sync 1 DAGs
[2026-05-18T22:24:04.180+0000] {logging_mixin.py:188} INFO - [2026-05-18T22:24:04.180+0000] {dag.py:3823} INFO - Setting next_dagrun for etl_end_to_end_pipeline to 2026-05-17 00:00:00+00:00, run_after=2026-05-18 00:00:00+00:00
[2026-05-18T22:24:04.197+0000] {processor.py:183} INFO - Processing /opt/airflow/dags/etl_dag.py took 0.594 seconds
[2026-05-18T22:24:34.386+0000] {processor.py:161} INFO - Started process (PID=609) to work on /opt/airflow/dags/etl_dag.py
[2026-05-18T22:24:34.388+0000] {processor.py:830} INFO - Processing file /opt/airflow/dags/etl_dag.py for tasks to queue
[2026-05-18T22:24:34.389+0000] {logging_mixin.py:188} INFO - [2026-05-18T22:24:34.388+0000] {dagbag.py:538} INFO - Filling up the DagBag from /opt/airflow/dags/etl_dag.py
[2026-05-18T22:24:34.913+0000] {processor.py:840} INFO - DAG(s) 'etl_end_to_end_pipeline' retrieved from /opt/airflow/dags/etl_dag.py
[2026-05-18T22:24:34.939+0000] {logging_mixin.py:188} INFO - [2026-05-18T22:24:34.939+0000] {dag.py:3036} INFO - Sync 1 DAGs
[2026-05-18T22:24:34.958+0000] {logging_mixin.py:188} INFO - [2026-05-18T22:24:34.958+0000] {dag.py:3823} INFO - Setting next_dagrun for etl_end_to_end_pipeline to 2026-05-17 00:00:00+00:00, run_after=2026-05-18 00:00:00+00:00
[2026-05-18T22:24:34.976+0000] {processor.py:183} INFO - Processing /opt/airflow/dags/etl_dag.py took 0.593 seconds
[2026-05-18T22:25:05.188+0000] {processor.py:161} INFO - Started process (PID=621) to work on /opt/airflow/dags/etl_dag.py
[2026-05-18T22:25:05.189+0000] {processor.py:830} INFO - Processing file /opt/airflow/dags/etl_dag.py for tasks to queue
[2026-05-18T22:25:05.190+0000] {logging_mixin.py:188} INFO - [2026-05-18T22:25:05.190+0000] {dagbag.py:538} INFO - Filling up the DagBag from /opt/airflow/dags/etl_dag.py
[2026-05-18T22:25:05.715+0000] {processor.py:840} INFO - DAG(s) 'etl_end_to_end_pipeline' retrieved from /opt/airflow/dags/etl_dag.py
[2026-05-18T22:25:05.739+0000] {logging_mixin.py:188} INFO - [2026-05-18T22:25:05.739+0000] {dag.py:3036} INFO - Sync 1 DAGs
[2026-05-18T22:25:05.757+0000] {logging_mixin.py:188} INFO - [2026-05-18T22:25:05.757+0000] {dag.py:3823} INFO - Setting next_dagrun for etl_end_to_end_pipeline to 2026-05-17 00:00:00+00:00, run_after=2026-05-18 00:00:00+00:00
[2026-05-18T22:25:05.772+0000] {processor.py:183} INFO - Processing /opt/airflow/dags/etl_dag.py took 0.587 seconds
[2026-05-18T22:25:35.966+0000] {processor.py:161} INFO - Started process (PID=633) to work on /opt/airflow/dags/etl_dag.py
[2026-05-18T22:25:35.968+0000] {processor.py:830} INFO - Processing file /opt/airflow/dags/etl_dag.py for tasks to queue
[2026-05-18T22:25:35.969+0000] {logging_mixin.py:188} INFO - [2026-05-18T22:25:35.969+0000] {dagbag.py:538} INFO - Filling up the DagBag from /opt/airflow/dags/etl_dag.py
[2026-05-18T22:25:36.486+0000] {processor.py:840} INFO - DAG(s) 'etl_end_to_end_pipeline' retrieved from /opt/airflow/dags/etl_dag.py
[2026-05-18T22:25:36.510+0000] {logging_mixin.py:188} INFO - [2026-05-18T22:25:36.510+0000] {dag.py:3036} INFO - Sync 1 DAGs
[2026-05-18T22:25:36.528+0000] {logging_mixin.py:188} INFO - [2026-05-18T22:25:36.528+0000] {dag.py:3823} INFO - Setting next_dagrun for etl_end_to_end_pipeline to 2026-05-17 00:00:00+00:00, run_after=2026-05-18 00:00:00+00:00
[2026-05-18T22:25:36.544+0000] {processor.py:183} INFO - Processing /opt/airflow/dags/etl_dag.py took 0.581 seconds
[2026-05-18T22:26:06.752+0000] {processor.py:161} INFO - Started process (PID=645) to work on /opt/airflow/dags/etl_dag.py
[2026-05-18T22:26:06.753+0000] {processor.py:830} INFO - Processing file /opt/airflow/dags/etl_dag.py for tasks to queue
[2026-05-18T22:26:06.754+0000] {logging_mixin.py:188} INFO - [2026-05-18T22:26:06.754+0000] {dagbag.py:538} INFO - Filling up the DagBag from /opt/airflow/dags/etl_dag.py
[2026-05-18T22:26:07.243+0000] {processor.py:840} INFO - DAG(s) 'etl_end_to_end_pipeline' retrieved from /opt/airflow/dags/etl_dag.py
[2026-05-18T22:26:07.267+0000] {logging_mixin.py:188} INFO - [2026-05-18T22:26:07.267+0000] {dag.py:3036} INFO - Sync 1 DAGs
[2026-05-18T22:26:07.284+0000] {logging_mixin.py:188} INFO - [2026-05-18T22:26:07.283+0000] {dag.py:3823} INFO - Setting next_dagrun for etl_end_to_end_pipeline to 2026-05-17 00:00:00+00:00, run_after=2026-05-18 00:00:00+00:00
[2026-05-18T22:26:07.299+0000] {processor.py:183} INFO - Processing /opt/airflow/dags/etl_dag.py took 0.550 seconds
[2026-05-18T22:26:37.492+0000] {processor.py:161} INFO - Started process (PID=657) to work on /opt/airflow/dags/etl_dag.py
[2026-05-18T22:26:37.493+0000] {processor.py:830} INFO - Processing file /opt/airflow/dags/etl_dag.py for tasks to queue
[2026-05-18T22:26:37.494+0000] {logging_mixin.py:188} INFO - [2026-05-18T22:26:37.493+0000] {dagbag.py:538} INFO - Filling up the DagBag from /opt/airflow/dags/etl_dag.py
[2026-05-18T22:26:37.976+0000] {processor.py:840} INFO - DAG(s) 'etl_end_to_end_pipeline' retrieved from /opt/airflow/dags/etl_dag.py
[2026-05-18T22:26:38.002+0000] {logging_mixin.py:188} INFO - [2026-05-18T22:26:38.002+0000] {dag.py:3036} INFO - Sync 1 DAGs
[2026-05-18T22:26:38.020+0000] {logging_mixin.py:188} INFO - [2026-05-18T22:26:38.019+0000] {dag.py:3823} INFO - Setting next_dagrun for etl_end_to_end_pipeline to 2026-05-17 00:00:00+00:00, run_after=2026-05-18 00:00:00+00:00
[2026-05-18T22:26:38.037+0000] {processor.py:183} INFO - Processing /opt/airflow/dags/etl_dag.py took 0.548 seconds
[2026-05-18T22:27:08.242+0000] {processor.py:161} INFO - Started process (PID=669) to work on /opt/airflow/dags/etl_dag.py
[2026-05-18T22:27:08.243+0000] {processor.py:830} INFO - Processing file /opt/airflow/dags/etl_dag.py for tasks to queue
[2026-05-18T22:27:08.244+0000] {logging_mixin.py:188} INFO - [2026-05-18T22:27:08.243+0000] {dagbag.py:538} INFO - Filling up the DagBag from /opt/airflow/dags/etl_dag.py
[2026-05-18T22:27:08.757+0000] {processor.py:840} INFO - DAG(s) 'etl_end_to_end_pipeline' retrieved from /opt/airflow/dags/etl_dag.py
[2026-05-18T22:27:08.790+0000] {logging_mixin.py:188} INFO - [2026-05-18T22:27:08.789+0000] {dag.py:3036} INFO - Sync 1 DAGs
[2026-05-18T22:27:08.811+0000] {logging_mixin.py:188} INFO - [2026-05-18T22:27:08.811+0000] {dag.py:3823} INFO - Setting next_dagrun for etl_end_to_end_pipeline to 2026-05-17 00:00:00+00:00, run_after=2026-05-18 00:00:00+00:00
[2026-05-18T22:27:08.827+0000] {processor.py:183} INFO - Processing /opt/airflow/dags/etl_dag.py took 0.589 seconds
[2026-05-18T22:27:39.022+0000] {processor.py:161} INFO - Started process (PID=681) to work on /opt/airflow/dags/etl_dag.py
[2026-05-18T22:27:39.023+0000] {processor.py:830} INFO - Processing file /opt/airflow/dags/etl_dag.py for tasks to queue
[2026-05-18T22:27:39.024+0000] {logging_mixin.py:188} INFO - [2026-05-18T22:27:39.024+0000] {dagbag.py:538} INFO - Filling up the DagBag from /opt/airflow/dags/etl_dag.py
[2026-05-18T22:27:39.534+0000] {processor.py:840} INFO - DAG(s) 'etl_end_to_end_pipeline' retrieved from /opt/airflow/dags/etl_dag.py
[2026-05-18T22:27:39.561+0000] {logging_mixin.py:188} INFO - [2026-05-18T22:27:39.560+0000] {dag.py:3036} INFO - Sync 1 DAGs
[2026-05-18T22:27:39.578+0000] {logging_mixin.py:188} INFO - [2026-05-18T22:27:39.578+0000] {dag.py:3823} INFO - Setting next_dagrun for etl_end_to_end_pipeline to 2026-05-17 00:00:00+00:00, run_after=2026-05-18 00:00:00+00:00
[2026-05-18T22:27:39.596+0000] {processor.py:183} INFO - Processing /opt/airflow/dags/etl_dag.py took 0.577 seconds
[2026-05-18T22:28:09.801+0000] {processor.py:161} INFO - Started process (PID=694) to work on /opt/airflow/dags/etl_dag.py
[2026-05-18T22:28:09.802+0000] {processor.py:830} INFO - Processing file /opt/airflow/dags/etl_dag.py for tasks to queue
[2026-05-18T22:28:09.802+0000] {logging_mixin.py:188} INFO - [2026-05-18T22:28:09.802+0000] {dagbag.py:538} INFO - Filling up the DagBag from /opt/airflow/dags/etl_dag.py
[2026-05-18T22:28:10.287+0000] {processor.py:840} INFO - DAG(s) 'etl_end_to_end_pipeline' retrieved from /opt/airflow/dags/etl_dag.py
[2026-05-18T22:28:10.311+0000] {logging_mixin.py:188} INFO - [2026-05-18T22:28:10.311+0000] {dag.py:3036} INFO - Sync 1 DAGs
[2026-05-18T22:28:10.327+0000] {logging_mixin.py:188} INFO - [2026-05-18T22:28:10.327+0000] {dag.py:3823} INFO - Setting next_dagrun for etl_end_to_end_pipeline to 2026-05-17 00:00:00+00:00, run_after=2026-05-18 00:00:00+00:00
[2026-05-18T22:28:10.342+0000] {processor.py:183} INFO - Processing /opt/airflow/dags/etl_dag.py took 0.545 seconds
[2026-05-18T22:28:40.541+0000] {processor.py:161} INFO - Started process (PID=706) to work on /opt/airflow/dags/etl_dag.py
[2026-05-18T22:28:40.542+0000] {processor.py:830} INFO - Processing file /opt/airflow/dags/etl_dag.py for tasks to queue
[2026-05-18T22:28:40.543+0000] {logging_mixin.py:188} INFO - [2026-05-18T22:28:40.543+0000] {dagbag.py:538} INFO - Filling up the DagBag from /opt/airflow/dags/etl_dag.py
[2026-05-18T22:28:41.028+0000] {processor.py:840} INFO - DAG(s) 'etl_end_to_end_pipeline' retrieved from /opt/airflow/dags/etl_dag.py
[2026-05-18T22:28:41.054+0000] {logging_mixin.py:188} INFO - [2026-05-18T22:28:41.053+0000] {dag.py:3036} INFO - Sync 1 DAGs
[2026-05-18T22:28:41.070+0000] {logging_mixin.py:188} INFO - [2026-05-18T22:28:41.070+0000] {dag.py:3823} INFO - Setting next_dagrun for etl_end_to_end_pipeline to 2026-05-17 00:00:00+00:00, run_after=2026-05-18 00:00:00+00:00
[2026-05-18T22:28:41.086+0000] {processor.py:183} INFO - Processing /opt/airflow/dags/etl_dag.py took 0.549 seconds
[2026-05-18T22:29:11.314+0000] {processor.py:161} INFO - Started process (PID=718) to work on /opt/airflow/dags/etl_dag.py
[2026-05-18T22:29:11.316+0000] {processor.py:830} INFO - Processing file /opt/airflow/dags/etl_dag.py for tasks to queue
[2026-05-18T22:29:11.316+0000] {logging_mixin.py:188} INFO - [2026-05-18T22:29:11.316+0000] {dagbag.py:538} INFO - Filling up the DagBag from /opt/airflow/dags/etl_dag.py
[2026-05-18T22:29:11.802+0000] {processor.py:840} INFO - DAG(s) 'etl_end_to_end_pipeline' retrieved from /opt/airflow/dags/etl_dag.py
[2026-05-18T22:29:11.828+0000] {logging_mixin.py:188} INFO - [2026-05-18T22:29:11.828+0000] {dag.py:3036} INFO - Sync 1 DAGs
[2026-05-18T22:29:11.846+0000] {logging_mixin.py:188} INFO - [2026-05-18T22:29:11.846+0000] {dag.py:3823} INFO - Setting next_dagrun for etl_end_to_end_pipeline to 2026-05-17 00:00:00+00:00, run_after=2026-05-18 00:00:00+00:00
[2026-05-18T22:29:11.861+0000] {processor.py:183} INFO - Processing /opt/airflow/dags/etl_dag.py took 0.550 seconds
[2026-05-18T22:29:42.060+0000] {processor.py:161} INFO - Started process (PID=731) to work on /opt/airflow/dags/etl_dag.py
[2026-05-18T22:29:42.061+0000] {processor.py:830} INFO - Processing file /opt/airflow/dags/etl_dag.py for tasks to queue
[2026-05-18T22:29:42.062+0000] {logging_mixin.py:188} INFO - [2026-05-18T22:29:42.062+0000] {dagbag.py:538} INFO - Filling up the DagBag from /opt/airflow/dags/etl_dag.py
[2026-05-18T22:29:42.549+0000] {processor.py:840} INFO - DAG(s) 'etl_end_to_end_pipeline' retrieved from /opt/airflow/dags/etl_dag.py
[2026-05-18T22:29:42.574+0000] {logging_mixin.py:188} INFO - [2026-05-18T22:29:42.574+0000] {dag.py:3036} INFO - Sync 1 DAGs
[2026-05-18T22:29:42.590+0000] {logging_mixin.py:188} INFO - [2026-05-18T22:29:42.590+0000] {dag.py:3823} INFO - Setting next_dagrun for etl_end_to_end_pipeline to 2026-05-17 00:00:00+00:00, run_after=2026-05-18 00:00:00+00:00
[2026-05-18T22:29:42.605+0000] {processor.py:183} INFO - Processing /opt/airflow/dags/etl_dag.py took 0.549 seconds
[2026-05-18T22:30:12.809+0000] {processor.py:161} INFO - Started process (PID=743) to work on /opt/airflow/dags/etl_dag.py
[2026-05-18T22:30:12.810+0000] {processor.py:830} INFO - Processing file /opt/airflow/dags/etl_dag.py for tasks to queue
[2026-05-18T22:30:12.811+0000] {logging_mixin.py:188} INFO - [2026-05-18T22:30:12.811+0000] {dagbag.py:538} INFO - Filling up the DagBag from /opt/airflow/dags/etl_dag.py
[2026-05-18T22:30:13.316+0000] {processor.py:840} INFO - DAG(s) 'etl_end_to_end_pipeline' retrieved from /opt/airflow/dags/etl_dag.py
[2026-05-18T22:30:13.340+0000] {logging_mixin.py:188} INFO - [2026-05-18T22:30:13.339+0000] {dag.py:3036} INFO - Sync 1 DAGs
[2026-05-18T22:30:13.356+0000] {logging_mixin.py:188} INFO - [2026-05-18T22:30:13.356+0000] {dag.py:3823} INFO - Setting next_dagrun for etl_end_to_end_pipeline to 2026-05-17 00:00:00+00:00, run_after=2026-05-18 00:00:00+00:00
[2026-05-18T22:30:13.371+0000] {processor.py:183} INFO - Processing /opt/airflow/dags/etl_dag.py took 0.565 seconds
[2026-05-18T22:30:43.552+0000] {processor.py:161} INFO - Started process (PID=755) to work on /opt/airflow/dags/etl_dag.py
[2026-05-18T22:30:43.553+0000] {processor.py:830} INFO - Processing file /opt/airflow/dags/etl_dag.py for tasks to queue
[2026-05-18T22:30:43.554+0000] {logging_mixin.py:188} INFO - [2026-05-18T22:30:43.553+0000] {dagbag.py:538} INFO - Filling up the DagBag from /opt/airflow/dags/etl_dag.py
[2026-05-18T22:30:44.038+0000] {processor.py:840} INFO - DAG(s) 'etl_end_to_end_pipeline' retrieved from /opt/airflow/dags/etl_dag.py
[2026-05-18T22:30:44.063+0000] {logging_mixin.py:188} INFO - [2026-05-18T22:30:44.062+0000] {dag.py:3036} INFO - Sync 1 DAGs
[2026-05-18T22:30:44.080+0000] {logging_mixin.py:188} INFO - [2026-05-18T22:30:44.080+0000] {dag.py:3823} INFO - Setting next_dagrun for etl_end_to_end_pipeline to 2026-05-17 00:00:00+00:00, run_after=2026-05-18 00:00:00+00:00
[2026-05-18T22:30:44.096+0000] {processor.py:183} INFO - Processing /opt/airflow/dags/etl_dag.py took 0.548 seconds
[2026-05-18T22:31:14.321+0000] {processor.py:161} INFO - Started process (PID=767) to work on /opt/airflow/dags/etl_dag.py
[2026-05-18T22:31:14.322+0000] {processor.py:830} INFO - Processing file /opt/airflow/dags/etl_dag.py for tasks to queue
[2026-05-18T22:31:14.323+0000] {logging_mixin.py:188} INFO - [2026-05-18T22:31:14.323+0000] {dagbag.py:538} INFO - Filling up the DagBag from /opt/airflow/dags/etl_dag.py
[2026-05-18T22:31:14.830+0000] {processor.py:840} INFO - DAG(s) 'etl_end_to_end_pipeline' retrieved from /opt/airflow/dags/etl_dag.py
[2026-05-18T22:31:14.855+0000] {logging_mixin.py:188} INFO - [2026-05-18T22:31:14.854+0000] {dag.py:3036} INFO - Sync 1 DAGs
[2026-05-18T22:31:14.872+0000] {logging_mixin.py:188} INFO - [2026-05-18T22:31:14.872+0000] {dag.py:3823} INFO - Setting next_dagrun for etl_end_to_end_pipeline to 2026-05-17 00:00:00+00:00, run_after=2026-05-18 00:00:00+00:00
[2026-05-18T22:31:14.887+0000] {processor.py:183} INFO - Processing /opt/airflow/dags/etl_dag.py took 0.570 seconds
[2026-05-18T22:31:45.082+0000] {processor.py:161} INFO - Started process (PID=779) to work on /opt/airflow/dags/etl_dag.py
[2026-05-18T22:31:45.083+0000] {processor.py:830} INFO - Processing file /opt/airflow/dags/etl_dag.py for tasks to queue
[2026-05-18T22:31:45.084+0000] {logging_mixin.py:188} INFO - [2026-05-18T22:31:45.084+0000] {dagbag.py:538} INFO - Filling up the DagBag from /opt/airflow/dags/etl_dag.py
[2026-05-18T22:31:45.587+0000] {processor.py:840} INFO - DAG(s) 'etl_end_to_end_pipeline' retrieved from /opt/airflow/dags/etl_dag.py
[2026-05-18T22:31:45.614+0000] {logging_mixin.py:188} INFO - [2026-05-18T22:31:45.614+0000] {dag.py:3036} INFO - Sync 1 DAGs
[2026-05-18T22:31:45.632+0000] {logging_mixin.py:188} INFO - [2026-05-18T22:31:45.632+0000] {dag.py:3823} INFO - Setting next_dagrun for etl_end_to_end_pipeline to 2026-05-17 00:00:00+00:00, run_after=2026-05-18 00:00:00+00:00
[2026-05-18T22:31:45.647+0000] {processor.py:183} INFO - Processing /opt/airflow/dags/etl_dag.py took 0.569 seconds
[2026-05-18T22:32:15.855+0000] {processor.py:161} INFO - Started process (PID=791) to work on /opt/airflow/dags/etl_dag.py
[2026-05-18T22:32:15.856+0000] {processor.py:830} INFO - Processing file /opt/airflow/dags/etl_dag.py for tasks to queue
[2026-05-18T22:32:15.857+0000] {logging_mixin.py:188} INFO - [2026-05-18T22:32:15.857+0000] {dagbag.py:538} INFO - Filling up the DagBag from /opt/airflow/dags/etl_dag.py
[2026-05-18T22:32:16.352+0000] {processor.py:840} INFO - DAG(s) 'etl_end_to_end_pipeline' retrieved from /opt/airflow/dags/etl_dag.py
[2026-05-18T22:32:16.378+0000] {logging_mixin.py:188} INFO - [2026-05-18T22:32:16.377+0000] {dag.py:3036} INFO - Sync 1 DAGs
[2026-05-18T22:32:16.396+0000] {logging_mixin.py:188} INFO - [2026-05-18T22:32:16.396+0000] {dag.py:3823} INFO - Setting next_dagrun for etl_end_to_end_pipeline to 2026-05-17 00:00:00+00:00, run_after=2026-05-18 00:00:00+00:00
[2026-05-18T22:32:16.411+0000] {processor.py:183} INFO - Processing /opt/airflow/dags/etl_dag.py took 0.559 seconds
[2026-05-18T22:32:46.610+0000] {processor.py:161} INFO - Started process (PID=803) to work on /opt/airflow/dags/etl_dag.py
[2026-05-18T22:32:46.611+0000] {processor.py:830} INFO - Processing file /opt/airflow/dags/etl_dag.py for tasks to queue
[2026-05-18T22:32:46.612+0000] {logging_mixin.py:188} INFO - [2026-05-18T22:32:46.611+0000] {dagbag.py:538} INFO - Filling up the DagBag from /opt/airflow/dags/etl_dag.py
[2026-05-18T22:32:47.123+0000] {processor.py:840} INFO - DAG(s) 'etl_end_to_end_pipeline' retrieved from /opt/airflow/dags/etl_dag.py
[2026-05-18T22:32:47.151+0000] {logging_mixin.py:188} INFO - [2026-05-18T22:32:47.150+0000] {dag.py:3036} INFO - Sync 1 DAGs
[2026-05-18T22:32:47.169+0000] {logging_mixin.py:188} INFO - [2026-05-18T22:32:47.169+0000] {dag.py:3823} INFO - Setting next_dagrun for etl_end_to_end_pipeline to 2026-05-17 00:00:00+00:00, run_after=2026-05-18 00:00:00+00:00
[2026-05-18T22:32:47.185+0000] {processor.py:183} INFO - Processing /opt/airflow/dags/etl_dag.py took 0.578 seconds
[2026-05-18T22:33:17.397+0000] {processor.py:161} INFO - Started process (PID=816) to work on /opt/airflow/dags/etl_dag.py
[2026-05-18T22:33:17.398+0000] {processor.py:830} INFO - Processing file /opt/airflow/dags/etl_dag.py for tasks to queue
[2026-05-18T22:33:17.399+0000] {logging_mixin.py:188} INFO - [2026-05-18T22:33:17.399+0000] {dagbag.py:538} INFO - Filling up the DagBag from /opt/airflow/dags/etl_dag.py
[2026-05-18T22:33:17.926+0000] {processor.py:840} INFO - DAG(s) 'etl_end_to_end_pipeline' retrieved from /opt/airflow/dags/etl_dag.py
[2026-05-18T22:33:17.950+0000] {logging_mixin.py:188} INFO - [2026-05-18T22:33:17.950+0000] {dag.py:3036} INFO - Sync 1 DAGs
[2026-05-18T22:33:17.969+0000] {logging_mixin.py:188} INFO - [2026-05-18T22:33:17.969+0000] {dag.py:3823} INFO - Setting next_dagrun for etl_end_to_end_pipeline to 2026-05-17 00:00:00+00:00, run_after=2026-05-18 00:00:00+00:00
[2026-05-18T22:33:17.985+0000] {processor.py:183} INFO - Processing /opt/airflow/dags/etl_dag.py took 0.591 seconds
[2026-05-18T22:33:48.192+0000] {processor.py:161} INFO - Started process (PID=828) to work on /opt/airflow/dags/etl_dag.py
[2026-05-18T22:33:48.194+0000] {processor.py:830} INFO - Processing file /opt/airflow/dags/etl_dag.py for tasks to queue
[2026-05-18T22:33:48.195+0000] {logging_mixin.py:188} INFO - [2026-05-18T22:33:48.194+0000] {dagbag.py:538} INFO - Filling up the DagBag from /opt/airflow/dags/etl_dag.py
[2026-05-18T22:33:48.684+0000] {processor.py:840} INFO - DAG(s) 'etl_end_to_end_pipeline' retrieved from /opt/airflow/dags/etl_dag.py
[2026-05-18T22:33:48.709+0000] {logging_mixin.py:188} INFO - [2026-05-18T22:33:48.709+0000] {dag.py:3036} INFO - Sync 1 DAGs
[2026-05-18T22:33:48.726+0000] {logging_mixin.py:188} INFO - [2026-05-18T22:33:48.726+0000] {dag.py:3823} INFO - Setting next_dagrun for etl_end_to_end_pipeline to 2026-05-17 00:00:00+00:00, run_after=2026-05-18 00:00:00+00:00
[2026-05-18T22:33:48.741+0000] {processor.py:183} INFO - Processing /opt/airflow/dags/etl_dag.py took 0.553 seconds
[2026-05-18T22:34:18.938+0000] {processor.py:161} INFO - Started process (PID=840) to work on /opt/airflow/dags/etl_dag.py
[2026-05-18T22:34:18.940+0000] {processor.py:830} INFO - Processing file /opt/airflow/dags/etl_dag.py for tasks to queue
[2026-05-18T22:34:18.941+0000] {logging_mixin.py:188} INFO - [2026-05-18T22:34:18.941+0000] {dagbag.py:538} INFO - Filling up the DagBag from /opt/airflow/dags/etl_dag.py
[2026-05-18T22:34:19.466+0000] {processor.py:840} INFO - DAG(s) 'etl_end_to_end_pipeline' retrieved from /opt/airflow/dags/etl_dag.py
[2026-05-18T22:34:19.490+0000] {logging_mixin.py:188} INFO - [2026-05-18T22:34:19.490+0000] {dag.py:3036} INFO - Sync 1 DAGs
[2026-05-18T22:34:19.507+0000] {logging_mixin.py:188} INFO - [2026-05-18T22:34:19.507+0000] {dag.py:3823} INFO - Setting next_dagrun for etl_end_to_end_pipeline to 2026-05-17 00:00:00+00:00, run_after=2026-05-18 00:00:00+00:00
[2026-05-18T22:34:19.523+0000] {processor.py:183} INFO - Processing /opt/airflow/dags/etl_dag.py took 0.588 seconds
[2026-05-18T22:34:49.722+0000] {processor.py:161} INFO - Started process (PID=852) to work on /opt/airflow/dags/etl_dag.py
[2026-05-18T22:34:49.724+0000] {processor.py:830} INFO - Processing file /opt/airflow/dags/etl_dag.py for tasks to queue
[2026-05-18T22:34:49.725+0000] {logging_mixin.py:188} INFO - [2026-05-18T22:34:49.724+0000] {dagbag.py:538} INFO - Filling up the DagBag from /opt/airflow/dags/etl_dag.py
[2026-05-18T22:34:50.220+0000] {processor.py:840} INFO - DAG(s) 'etl_end_to_end_pipeline' retrieved from /opt/airflow/dags/etl_dag.py
[2026-05-18T22:34:50.245+0000] {logging_mixin.py:188} INFO - [2026-05-18T22:34:50.245+0000] {dag.py:3036} INFO - Sync 1 DAGs
[2026-05-18T22:34:50.262+0000] {logging_mixin.py:188} INFO - [2026-05-18T22:34:50.262+0000] {dag.py:3823} INFO - Setting next_dagrun for etl_end_to_end_pipeline to 2026-05-17 00:00:00+00:00, run_after=2026-05-18 00:00:00+00:00
[2026-05-18T22:34:50.279+0000] {processor.py:183} INFO - Processing /opt/airflow/dags/etl_dag.py took 0.559 seconds
[2026-05-18T22:35:20.510+0000] {processor.py:161} INFO - Started process (PID=871) to work on /opt/airflow/dags/etl_dag.py
[2026-05-18T22:35:20.512+0000] {processor.py:830} INFO - Processing file /opt/airflow/dags/etl_dag.py for tasks to queue
[2026-05-18T22:35:20.513+0000] {logging_mixin.py:188} INFO - [2026-05-18T22:35:20.513+0000] {dagbag.py:538} INFO - Filling up the DagBag from /opt/airflow/dags/etl_dag.py
[2026-05-18T22:35:21.145+0000] {processor.py:840} INFO - DAG(s) 'etl_end_to_end_pipeline' retrieved from /opt/airflow/dags/etl_dag.py
[2026-05-18T22:35:21.176+0000] {logging_mixin.py:188} INFO - [2026-05-18T22:35:21.176+0000] {dag.py:3036} INFO - Sync 1 DAGs
[2026-05-18T22:35:21.195+0000] {logging_mixin.py:188} INFO - [2026-05-18T22:35:21.195+0000] {dag.py:3823} INFO - Setting next_dagrun for etl_end_to_end_pipeline to 2026-05-17 00:00:00+00:00, run_after=2026-05-18 00:00:00+00:00
[2026-05-18T22:35:21.211+0000] {processor.py:183} INFO - Processing /opt/airflow/dags/etl_dag.py took 0.705 seconds
[2026-05-18T22:35:51.415+0000] {processor.py:161} INFO - Started process (PID=883) to work on /opt/airflow/dags/etl_dag.py
[2026-05-18T22:35:51.416+0000] {processor.py:830} INFO - Processing file /opt/airflow/dags/etl_dag.py for tasks to queue
[2026-05-18T22:35:51.417+0000] {logging_mixin.py:188} INFO - [2026-05-18T22:35:51.417+0000] {dagbag.py:538} INFO - Filling up the DagBag from /opt/airflow/dags/etl_dag.py
[2026-05-18T22:35:51.904+0000] {processor.py:840} INFO - DAG(s) 'etl_end_to_end_pipeline' retrieved from /opt/airflow/dags/etl_dag.py
[2026-05-18T22:35:51.930+0000] {logging_mixin.py:188} INFO - [2026-05-18T22:35:51.929+0000] {dag.py:3036} INFO - Sync 1 DAGs
[2026-05-18T22:35:51.947+0000] {logging_mixin.py:188} INFO - [2026-05-18T22:35:51.946+0000] {dag.py:3823} INFO - Setting next_dagrun for etl_end_to_end_pipeline to 2026-05-17 00:00:00+00:00, run_after=2026-05-18 00:00:00+00:00
[2026-05-18T22:35:51.961+0000] {processor.py:183} INFO - Processing /opt/airflow/dags/etl_dag.py took 0.549 seconds
[2026-05-18T22:36:22.168+0000] {processor.py:161} INFO - Started process (PID=895) to work on /opt/airflow/dags/etl_dag.py
[2026-05-18T22:36:22.170+0000] {processor.py:830} INFO - Processing file /opt/airflow/dags/etl_dag.py for tasks to queue
[2026-05-18T22:36:22.170+0000] {logging_mixin.py:188} INFO - [2026-05-18T22:36:22.170+0000] {dagbag.py:538} INFO - Filling up the DagBag from /opt/airflow/dags/etl_dag.py
[2026-05-18T22:36:22.664+0000] {processor.py:840} INFO - DAG(s) 'etl_end_to_end_pipeline' retrieved from /opt/airflow/dags/etl_dag.py
[2026-05-18T22:36:22.690+0000] {logging_mixin.py:188} INFO - [2026-05-18T22:36:22.689+0000] {dag.py:3036} INFO - Sync 1 DAGs
[2026-05-18T22:36:22.706+0000] {logging_mixin.py:188} INFO - [2026-05-18T22:36:22.706+0000] {dag.py:3823} INFO - Setting next_dagrun for etl_end_to_end_pipeline to 2026-05-17 00:00:00+00:00, run_after=2026-05-18 00:00:00+00:00
[2026-05-18T22:36:22.721+0000] {processor.py:183} INFO - Processing /opt/airflow/dags/etl_dag.py took 0.555 seconds
[2026-05-18T22:36:52.918+0000] {processor.py:161} INFO - Started process (PID=908) to work on /opt/airflow/dags/etl_dag.py
[2026-05-18T22:36:52.920+0000] {processor.py:830} INFO - Processing file /opt/airflow/dags/etl_dag.py for tasks to queue
[2026-05-18T22:36:52.921+0000] {logging_mixin.py:188} INFO - [2026-05-18T22:36:52.920+0000] {dagbag.py:538} INFO - Filling up the DagBag from /opt/airflow/dags/etl_dag.py
[2026-05-18T22:36:53.426+0000] {processor.py:840} INFO - DAG(s) 'etl_end_to_end_pipeline' retrieved from /opt/airflow/dags/etl_dag.py
[2026-05-18T22:36:53.452+0000] {logging_mixin.py:188} INFO - [2026-05-18T22:36:53.451+0000] {dag.py:3036} INFO - Sync 1 DAGs
[2026-05-18T22:36:53.469+0000] {logging_mixin.py:188} INFO - [2026-05-18T22:36:53.469+0000] {dag.py:3823} INFO - Setting next_dagrun for etl_end_to_end_pipeline to 2026-05-17 00:00:00+00:00, run_after=2026-05-18 00:00:00+00:00
[2026-05-18T22:36:53.485+0000] {processor.py:183} INFO - Processing /opt/airflow/dags/etl_dag.py took 0.571 seconds
[2026-05-18T22:37:23.696+0000] {processor.py:161} INFO - Started process (PID=920) to work on /opt/airflow/dags/etl_dag.py
[2026-05-18T22:37:23.697+0000] {processor.py:830} INFO - Processing file /opt/airflow/dags/etl_dag.py for tasks to queue
[2026-05-18T22:37:23.698+0000] {logging_mixin.py:188} INFO - [2026-05-18T22:37:23.698+0000] {dagbag.py:538} INFO - Filling up the DagBag from /opt/airflow/dags/etl_dag.py
[2026-05-18T22:37:24.203+0000] {processor.py:840} INFO - DAG(s) 'etl_end_to_end_pipeline' retrieved from /opt/airflow/dags/etl_dag.py
[2026-05-18T22:37:24.229+0000] {logging_mixin.py:188} INFO - [2026-05-18T22:37:24.228+0000] {dag.py:3036} INFO - Sync 1 DAGs
[2026-05-18T22:37:24.246+0000] {logging_mixin.py:188} INFO - [2026-05-18T22:37:24.246+0000] {dag.py:3823} INFO - Setting next_dagrun for etl_end_to_end_pipeline to 2026-05-17 00:00:00+00:00, run_after=2026-05-18 00:00:00+00:00
[2026-05-18T22:37:24.262+0000] {processor.py:183} INFO - Processing /opt/airflow/dags/etl_dag.py took 0.569 seconds
[2026-05-18T22:37:54.456+0000] {processor.py:161} INFO - Started process (PID=932) to work on /opt/airflow/dags/etl_dag.py
[2026-05-18T22:37:54.457+0000] {processor.py:830} INFO - Processing file /opt/airflow/dags/etl_dag.py for tasks to queue
[2026-05-18T22:37:54.458+0000] {logging_mixin.py:188} INFO - [2026-05-18T22:37:54.458+0000] {dagbag.py:538} INFO - Filling up the DagBag from /opt/airflow/dags/etl_dag.py
[2026-05-18T22:37:54.968+0000] {processor.py:840} INFO - DAG(s) 'etl_end_to_end_pipeline' retrieved from /opt/airflow/dags/etl_dag.py
[2026-05-18T22:37:54.994+0000] {logging_mixin.py:188} INFO - [2026-05-18T22:37:54.993+0000] {dag.py:3036} INFO - Sync 1 DAGs
[2026-05-18T22:37:55.011+0000] {logging_mixin.py:188} INFO - [2026-05-18T22:37:55.011+0000] {dag.py:3823} INFO - Setting next_dagrun for etl_end_to_end_pipeline to 2026-05-17 00:00:00+00:00, run_after=2026-05-18 00:00:00+00:00
[2026-05-18T22:37:55.028+0000] {processor.py:183} INFO - Processing /opt/airflow/dags/etl_dag.py took 0.575 seconds
[2026-05-18T22:38:25.234+0000] {processor.py:161} INFO - Started process (PID=944) to work on /opt/airflow/dags/etl_dag.py
[2026-05-18T22:38:25.235+0000] {processor.py:830} INFO - Processing file /opt/airflow/dags/etl_dag.py for tasks to queue
[2026-05-18T22:38:25.236+0000] {logging_mixin.py:188} INFO - [2026-05-18T22:38:25.236+0000] {dagbag.py:538} INFO - Filling up the DagBag from /opt/airflow/dags/etl_dag.py
[2026-05-18T22:38:25.747+0000] {processor.py:840} INFO - DAG(s) 'etl_end_to_end_pipeline' retrieved from /opt/airflow/dags/etl_dag.py
[2026-05-18T22:38:25.770+0000] {logging_mixin.py:188} INFO - [2026-05-18T22:38:25.770+0000] {dag.py:3036} INFO - Sync 1 DAGs
[2026-05-18T22:38:25.786+0000] {logging_mixin.py:188} INFO - [2026-05-18T22:38:25.786+0000] {dag.py:3823} INFO - Setting next_dagrun for etl_end_to_end_pipeline to 2026-05-17 00:00:00+00:00, run_after=2026-05-18 00:00:00+00:00
[2026-05-18T22:38:25.802+0000] {processor.py:183} INFO - Processing /opt/airflow/dags/etl_dag.py took 0.571 seconds
[2026-05-18T22:38:56.009+0000] {processor.py:161} INFO - Started process (PID=956) to work on /opt/airflow/dags/etl_dag.py
[2026-05-18T22:38:56.010+0000] {processor.py:830} INFO - Processing file /opt/airflow/dags/etl_dag.py for tasks to queue
[2026-05-18T22:38:56.011+0000] {logging_mixin.py:188} INFO - [2026-05-18T22:38:56.011+0000] {dagbag.py:538} INFO - Filling up the DagBag from /opt/airflow/dags/etl_dag.py
[2026-05-18T22:38:56.495+0000] {processor.py:840} INFO - DAG(s) 'etl_end_to_end_pipeline' retrieved from /opt/airflow/dags/etl_dag.py
[2026-05-18T22:38:56.519+0000] {logging_mixin.py:188} INFO - [2026-05-18T22:38:56.519+0000] {dag.py:3036} INFO - Sync 1 DAGs
[2026-05-18T22:38:56.536+0000] {logging_mixin.py:188} INFO - [2026-05-18T22:38:56.536+0000] {dag.py:3823} INFO - Setting next_dagrun for etl_end_to_end_pipeline to 2026-05-17 00:00:00+00:00, run_after=2026-05-18 00:00:00+00:00
[2026-05-18T22:38:56.551+0000] {processor.py:183} INFO - Processing /opt/airflow/dags/etl_dag.py took 0.545 seconds
[2026-05-18T22:39:26.785+0000] {processor.py:161} INFO - Started process (PID=968) to work on /opt/airflow/dags/etl_dag.py
[2026-05-18T22:39:26.786+0000] {processor.py:830} INFO - Processing file /opt/airflow/dags/etl_dag.py for tasks to queue
[2026-05-18T22:39:26.787+0000] {logging_mixin.py:188} INFO - [2026-05-18T22:39:26.787+0000] {dagbag.py:538} INFO - Filling up the DagBag from /opt/airflow/dags/etl_dag.py
[2026-05-18T22:39:27.281+0000] {processor.py:840} INFO - DAG(s) 'etl_end_to_end_pipeline' retrieved from /opt/airflow/dags/etl_dag.py
[2026-05-18T22:39:27.307+0000] {logging_mixin.py:188} INFO - [2026-05-18T22:39:27.307+0000] {dag.py:3036} INFO - Sync 1 DAGs
[2026-05-18T22:39:27.327+0000] {logging_mixin.py:188} INFO - [2026-05-18T22:39:27.327+0000] {dag.py:3823} INFO - Setting next_dagrun for etl_end_to_end_pipeline to 2026-05-17 00:00:00+00:00, run_after=2026-05-18 00:00:00+00:00
[2026-05-18T22:39:27.344+0000] {processor.py:183} INFO - Processing /opt/airflow/dags/etl_dag.py took 0.563 seconds
[2026-05-18T22:39:57.535+0000] {processor.py:161} INFO - Started process (PID=980) to work on /opt/airflow/dags/etl_dag.py
[2026-05-18T22:39:57.536+0000] {processor.py:830} INFO - Processing file /opt/airflow/dags/etl_dag.py for tasks to queue
[2026-05-18T22:39:57.537+0000] {logging_mixin.py:188} INFO - [2026-05-18T22:39:57.537+0000] {dagbag.py:538} INFO - Filling up the DagBag from /opt/airflow/dags/etl_dag.py
[2026-05-18T22:39:58.036+0000] {processor.py:840} INFO - DAG(s) 'etl_end_to_end_pipeline' retrieved from /opt/airflow/dags/etl_dag.py
[2026-05-18T22:39:58.062+0000] {logging_mixin.py:188} INFO - [2026-05-18T22:39:58.062+0000] {dag.py:3036} INFO - Sync 1 DAGs
[2026-05-18T22:39:58.079+0000] {logging_mixin.py:188} INFO - [2026-05-18T22:39:58.079+0000] {dag.py:3823} INFO - Setting next_dagrun for etl_end_to_end_pipeline to 2026-05-17 00:00:00+00:00, run_after=2026-05-18 00:00:00+00:00
[2026-05-18T22:39:58.095+0000] {processor.py:183} INFO - Processing /opt/airflow/dags/etl_dag.py took 0.564 seconds
[2026-05-18T22:40:28.292+0000] {processor.py:161} INFO - Started process (PID=992) to work on /opt/airflow/dags/etl_dag.py
[2026-05-18T22:40:28.293+0000] {processor.py:830} INFO - Processing file /opt/airflow/dags/etl_dag.py for tasks to queue
[2026-05-18T22:40:28.294+0000] {logging_mixin.py:188} INFO - [2026-05-18T22:40:28.294+0000] {dagbag.py:538} INFO - Filling up the DagBag from /opt/airflow/dags/etl_dag.py
[2026-05-18T22:40:28.801+0000] {processor.py:840} INFO - DAG(s) 'etl_end_to_end_pipeline' retrieved from /opt/airflow/dags/etl_dag.py
[2026-05-18T22:40:28.824+0000] {logging_mixin.py:188} INFO - [2026-05-18T22:40:28.824+0000] {dag.py:3036} INFO - Sync 1 DAGs
[2026-05-18T22:40:28.840+0000] {logging_mixin.py:188} INFO - [2026-05-18T22:40:28.840+0000] {dag.py:3823} INFO - Setting next_dagrun for etl_end_to_end_pipeline to 2026-05-17 00:00:00+00:00, run_after=2026-05-18 00:00:00+00:00
[2026-05-18T22:40:28.856+0000] {processor.py:183} INFO - Processing /opt/airflow/dags/etl_dag.py took 0.567 seconds
[2026-05-18T22:40:59.058+0000] {processor.py:161} INFO - Started process (PID=1005) to work on /opt/airflow/dags/etl_dag.py
[2026-05-18T22:40:59.059+0000] {processor.py:830} INFO - Processing file /opt/airflow/dags/etl_dag.py for tasks to queue
[2026-05-18T22:40:59.060+0000] {logging_mixin.py:188} INFO - [2026-05-18T22:40:59.060+0000] {dagbag.py:538} INFO - Filling up the DagBag from /opt/airflow/dags/etl_dag.py
[2026-05-18T22:40:59.554+0000] {processor.py:840} INFO - DAG(s) 'etl_end_to_end_pipeline' retrieved from /opt/airflow/dags/etl_dag.py
[2026-05-18T22:40:59.578+0000] {logging_mixin.py:188} INFO - [2026-05-18T22:40:59.578+0000] {dag.py:3036} INFO - Sync 1 DAGs
[2026-05-18T22:40:59.596+0000] {logging_mixin.py:188} INFO - [2026-05-18T22:40:59.596+0000] {dag.py:3823} INFO - Setting next_dagrun for etl_end_to_end_pipeline to 2026-05-17 00:00:00+00:00, run_after=2026-05-18 00:00:00+00:00
[2026-05-18T22:40:59.612+0000] {processor.py:183} INFO - Processing /opt/airflow/dags/etl_dag.py took 0.556 seconds
[2026-05-18T22:41:29.824+0000] {processor.py:161} INFO - Started process (PID=1017) to work on /opt/airflow/dags/etl_dag.py
[2026-05-18T22:41:29.825+0000] {processor.py:830} INFO - Processing file /opt/airflow/dags/etl_dag.py for tasks to queue
[2026-05-18T22:41:29.826+0000] {logging_mixin.py:188} INFO - [2026-05-18T22:41:29.826+0000] {dagbag.py:538} INFO - Filling up the DagBag from /opt/airflow/dags/etl_dag.py
[2026-05-18T22:41:30.313+0000] {processor.py:840} INFO - DAG(s) 'etl_end_to_end_pipeline' retrieved from /opt/airflow/dags/etl_dag.py
[2026-05-18T22:41:30.337+0000] {logging_mixin.py:188} INFO - [2026-05-18T22:41:30.337+0000] {dag.py:3036} INFO - Sync 1 DAGs
[2026-05-18T22:41:30.353+0000] {logging_mixin.py:188} INFO - [2026-05-18T22:41:30.353+0000] {dag.py:3823} INFO - Setting next_dagrun for etl_end_to_end_pipeline to 2026-05-17 00:00:00+00:00, run_after=2026-05-18 00:00:00+00:00
[2026-05-18T22:41:30.369+0000] {processor.py:183} INFO - Processing /opt/airflow/dags/etl_dag.py took 0.548 seconds
[2026-05-18T22:42:00.564+0000] {processor.py:161} INFO - Started process (PID=1029) to work on /opt/airflow/dags/etl_dag.py
[2026-05-18T22:42:00.566+0000] {processor.py:830} INFO - Processing file /opt/airflow/dags/etl_dag.py for tasks to queue
[2026-05-18T22:42:00.568+0000] {logging_mixin.py:188} INFO - [2026-05-18T22:42:00.567+0000] {dagbag.py:538} INFO - Filling up the DagBag from /opt/airflow/dags/etl_dag.py
[2026-05-18T22:42:01.053+0000] {processor.py:840} INFO - DAG(s) 'etl_end_to_end_pipeline' retrieved from /opt/airflow/dags/etl_dag.py
[2026-05-18T22:42:01.077+0000] {logging_mixin.py:188} INFO - [2026-05-18T22:42:01.077+0000] {dag.py:3036} INFO - Sync 1 DAGs
[2026-05-18T22:42:01.093+0000] {logging_mixin.py:188} INFO - [2026-05-18T22:42:01.093+0000] {dag.py:3823} INFO - Setting next_dagrun for etl_end_to_end_pipeline to 2026-05-17 00:00:00+00:00, run_after=2026-05-18 00:00:00+00:00
[2026-05-18T22:42:01.108+0000] {processor.py:183} INFO - Processing /opt/airflow/dags/etl_dag.py took 0.550 seconds
[2026-05-18T22:42:31.319+0000] {processor.py:161} INFO - Started process (PID=1041) to work on /opt/airflow/dags/etl_dag.py
[2026-05-18T22:42:31.320+0000] {processor.py:830} INFO - Processing file /opt/airflow/dags/etl_dag.py for tasks to queue
[2026-05-18T22:42:31.321+0000] {logging_mixin.py:188} INFO - [2026-05-18T22:42:31.321+0000] {dagbag.py:538} INFO - Filling up the DagBag from /opt/airflow/dags/etl_dag.py
[2026-05-18T22:42:31.827+0000] {processor.py:840} INFO - DAG(s) 'etl_end_to_end_pipeline' retrieved from /opt/airflow/dags/etl_dag.py
[2026-05-18T22:42:31.852+0000] {logging_mixin.py:188} INFO - [2026-05-18T22:42:31.851+0000] {dag.py:3036} INFO - Sync 1 DAGs
[2026-05-18T22:42:31.868+0000] {logging_mixin.py:188} INFO - [2026-05-18T22:42:31.868+0000] {dag.py:3823} INFO - Setting next_dagrun for etl_end_to_end_pipeline to 2026-05-17 00:00:00+00:00, run_after=2026-05-18 00:00:00+00:00
[2026-05-18T22:42:31.884+0000] {processor.py:183} INFO - Processing /opt/airflow/dags/etl_dag.py took 0.570 seconds
[2026-05-18T22:43:02.084+0000] {processor.py:161} INFO - Started process (PID=1053) to work on /opt/airflow/dags/etl_dag.py
[2026-05-18T22:43:02.086+0000] {processor.py:830} INFO - Processing file /opt/airflow/dags/etl_dag.py for tasks to queue
[2026-05-18T22:43:02.087+0000] {logging_mixin.py:188} INFO - [2026-05-18T22:43:02.087+0000] {dagbag.py:538} INFO - Filling up the DagBag from /opt/airflow/dags/etl_dag.py
[2026-05-18T22:43:02.589+0000] {processor.py:840} INFO - DAG(s) 'etl_end_to_end_pipeline' retrieved from /opt/airflow/dags/etl_dag.py
[2026-05-18T22:43:02.613+0000] {logging_mixin.py:188} INFO - [2026-05-18T22:43:02.613+0000] {dag.py:3036} INFO - Sync 1 DAGs
[2026-05-18T22:43:02.631+0000] {logging_mixin.py:188} INFO - [2026-05-18T22:43:02.631+0000] {dag.py:3823} INFO - Setting next_dagrun for etl_end_to_end_pipeline to 2026-05-17 00:00:00+00:00, run_after=2026-05-18 00:00:00+00:00
[2026-05-18T22:43:02.647+0000] {processor.py:183} INFO - Processing /opt/airflow/dags/etl_dag.py took 0.567 seconds
[2026-05-18T22:43:32.856+0000] {processor.py:161} INFO - Started process (PID=1065) to work on /opt/airflow/dags/etl_dag.py
[2026-05-18T22:43:32.857+0000] {processor.py:830} INFO - Processing file /opt/airflow/dags/etl_dag.py for tasks to queue
[2026-05-18T22:43:32.858+0000] {logging_mixin.py:188} INFO - [2026-05-18T22:43:32.858+0000] {dagbag.py:538} INFO - Filling up the DagBag from /opt/airflow/dags/etl_dag.py
[2026-05-18T22:43:33.347+0000] {processor.py:840} INFO - DAG(s) 'etl_end_to_end_pipeline' retrieved from /opt/airflow/dags/etl_dag.py
[2026-05-18T22:43:33.373+0000] {logging_mixin.py:188} INFO - [2026-05-18T22:43:33.372+0000] {dag.py:3036} INFO - Sync 1 DAGs
[2026-05-18T22:43:33.389+0000] {logging_mixin.py:188} INFO - [2026-05-18T22:43:33.389+0000] {dag.py:3823} INFO - Setting next_dagrun for etl_end_to_end_pipeline to 2026-05-17 00:00:00+00:00, run_after=2026-05-18 00:00:00+00:00
[2026-05-18T22:43:33.405+0000] {processor.py:183} INFO - Processing /opt/airflow/dags/etl_dag.py took 0.552 seconds
[2026-05-18T22:44:03.605+0000] {processor.py:161} INFO - Started process (PID=1077) to work on /opt/airflow/dags/etl_dag.py
[2026-05-18T22:44:03.606+0000] {processor.py:830} INFO - Processing file /opt/airflow/dags/etl_dag.py for tasks to queue
[2026-05-18T22:44:03.607+0000] {logging_mixin.py:188} INFO - [2026-05-18T22:44:03.606+0000] {dagbag.py:538} INFO - Filling up the DagBag from /opt/airflow/dags/etl_dag.py
[2026-05-18T22:44:04.110+0000] {processor.py:840} INFO - DAG(s) 'etl_end_to_end_pipeline' retrieved from /opt/airflow/dags/etl_dag.py
[2026-05-18T22:44:04.135+0000] {logging_mixin.py:188} INFO - [2026-05-18T22:44:04.135+0000] {dag.py:3036} INFO - Sync 1 DAGs
[2026-05-18T22:44:04.152+0000] {logging_mixin.py:188} INFO - [2026-05-18T22:44:04.152+0000] {dag.py:3823} INFO - Setting next_dagrun for etl_end_to_end_pipeline to 2026-05-17 00:00:00+00:00, run_after=2026-05-18 00:00:00+00:00
[2026-05-18T22:44:04.167+0000] {processor.py:183} INFO - Processing /opt/airflow/dags/etl_dag.py took 0.567 seconds
[2026-05-18T22:44:34.398+0000] {processor.py:161} INFO - Started process (PID=1089) to work on /opt/airflow/dags/etl_dag.py
[2026-05-18T22:44:34.400+0000] {processor.py:830} INFO - Processing file /opt/airflow/dags/etl_dag.py for tasks to queue
[2026-05-18T22:44:34.401+0000] {logging_mixin.py:188} INFO - [2026-05-18T22:44:34.400+0000] {dagbag.py:538} INFO - Filling up the DagBag from /opt/airflow/dags/etl_dag.py
[2026-05-18T22:44:34.886+0000] {processor.py:840} INFO - DAG(s) 'etl_end_to_end_pipeline' retrieved from /opt/airflow/dags/etl_dag.py
[2026-05-18T22:44:34.912+0000] {logging_mixin.py:188} INFO - [2026-05-18T22:44:34.911+0000] {dag.py:3036} INFO - Sync 1 DAGs
[2026-05-18T22:44:34.933+0000] {logging_mixin.py:188} INFO - [2026-05-18T22:44:34.933+0000] {dag.py:3823} INFO - Setting next_dagrun for etl_end_to_end_pipeline to 2026-05-17 00:00:00+00:00, run_after=2026-05-18 00:00:00+00:00
[2026-05-18T22:44:34.955+0000] {processor.py:183} INFO - Processing /opt/airflow/dags/etl_dag.py took 0.561 seconds
[2026-05-18T22:45:05.153+0000] {processor.py:161} INFO - Started process (PID=1101) to work on /opt/airflow/dags/etl_dag.py
[2026-05-18T22:45:05.154+0000] {processor.py:830} INFO - Processing file /opt/airflow/dags/etl_dag.py for tasks to queue
[2026-05-18T22:45:05.155+0000] {logging_mixin.py:188} INFO - [2026-05-18T22:45:05.155+0000] {dagbag.py:538} INFO - Filling up the DagBag from /opt/airflow/dags/etl_dag.py
[2026-05-18T22:45:05.644+0000] {processor.py:840} INFO - DAG(s) 'etl_end_to_end_pipeline' retrieved from /opt/airflow/dags/etl_dag.py
[2026-05-18T22:45:05.669+0000] {logging_mixin.py:188} INFO - [2026-05-18T22:45:05.669+0000] {dag.py:3036} INFO - Sync 1 DAGs
[2026-05-18T22:45:05.686+0000] {logging_mixin.py:188} INFO - [2026-05-18T22:45:05.686+0000] {dag.py:3823} INFO - Setting next_dagrun for etl_end_to_end_pipeline to 2026-05-17 00:00:00+00:00, run_after=2026-05-18 00:00:00+00:00
[2026-05-18T22:45:05.703+0000] {processor.py:183} INFO - Processing /opt/airflow/dags/etl_dag.py took 0.555 seconds
[2026-05-18T22:45:35.915+0000] {processor.py:161} INFO - Started process (PID=1113) to work on /opt/airflow/dags/etl_dag.py
[2026-05-18T22:45:35.916+0000] {processor.py:830} INFO - Processing file /opt/airflow/dags/etl_dag.py for tasks to queue
[2026-05-18T22:45:35.917+0000] {logging_mixin.py:188} INFO - [2026-05-18T22:45:35.916+0000] {dagbag.py:538} INFO - Filling up the DagBag from /opt/airflow/dags/etl_dag.py
[2026-05-18T22:45:36.412+0000] {processor.py:840} INFO - DAG(s) 'etl_end_to_end_pipeline' retrieved from /opt/airflow/dags/etl_dag.py
[2026-05-18T22:45:36.438+0000] {logging_mixin.py:188} INFO - [2026-05-18T22:45:36.437+0000] {dag.py:3036} INFO - Sync 1 DAGs
[2026-05-18T22:45:36.454+0000] {logging_mixin.py:188} INFO - [2026-05-18T22:45:36.454+0000] {dag.py:3823} INFO - Setting next_dagrun for etl_end_to_end_pipeline to 2026-05-17 00:00:00+00:00, run_after=2026-05-18 00:00:00+00:00
[2026-05-18T22:45:36.470+0000] {processor.py:183} INFO - Processing /opt/airflow/dags/etl_dag.py took 0.559 seconds
[2026-05-18T22:46:06.659+0000] {processor.py:161} INFO - Started process (PID=1125) to work on /opt/airflow/dags/etl_dag.py
[2026-05-18T22:46:06.660+0000] {processor.py:830} INFO - Processing file /opt/airflow/dags/etl_dag.py for tasks to queue
[2026-05-18T22:46:06.661+0000] {logging_mixin.py:188} INFO - [2026-05-18T22:46:06.661+0000] {dagbag.py:538} INFO - Filling up the DagBag from /opt/airflow/dags/etl_dag.py
[2026-05-18T22:46:07.175+0000] {processor.py:840} INFO - DAG(s) 'etl_end_to_end_pipeline' retrieved from /opt/airflow/dags/etl_dag.py
[2026-05-18T22:46:07.200+0000] {logging_mixin.py:188} INFO - [2026-05-18T22:46:07.200+0000] {dag.py:3036} INFO - Sync 1 DAGs
[2026-05-18T22:46:07.217+0000] {logging_mixin.py:188} INFO - [2026-05-18T22:46:07.217+0000] {dag.py:3823} INFO - Setting next_dagrun for etl_end_to_end_pipeline to 2026-05-17 00:00:00+00:00, run_after=2026-05-18 00:00:00+00:00
[2026-05-18T22:46:07.233+0000] {processor.py:183} INFO - Processing /opt/airflow/dags/etl_dag.py took 0.577 seconds
[2026-05-18T22:46:37.446+0000] {processor.py:161} INFO - Started process (PID=1137) to work on /opt/airflow/dags/etl_dag.py
[2026-05-18T22:46:37.447+0000] {processor.py:830} INFO - Processing file /opt/airflow/dags/etl_dag.py for tasks to queue
[2026-05-18T22:46:37.448+0000] {logging_mixin.py:188} INFO - [2026-05-18T22:46:37.447+0000] {dagbag.py:538} INFO - Filling up the DagBag from /opt/airflow/dags/etl_dag.py
[2026-05-18T22:46:37.944+0000] {processor.py:840} INFO - DAG(s) 'etl_end_to_end_pipeline' retrieved from /opt/airflow/dags/etl_dag.py
[2026-05-18T22:46:37.968+0000] {logging_mixin.py:188} INFO - [2026-05-18T22:46:37.968+0000] {dag.py:3036} INFO - Sync 1 DAGs
[2026-05-18T22:46:37.987+0000] {logging_mixin.py:188} INFO - [2026-05-18T22:46:37.987+0000] {dag.py:3823} INFO - Setting next_dagrun for etl_end_to_end_pipeline to 2026-05-17 00:00:00+00:00, run_after=2026-05-18 00:00:00+00:00
[2026-05-18T22:46:38.003+0000] {processor.py:183} INFO - Processing /opt/airflow/dags/etl_dag.py took 0.561 seconds
[2026-05-18T22:47:08.195+0000] {processor.py:161} INFO - Started process (PID=1149) to work on /opt/airflow/dags/etl_dag.py
[2026-05-18T22:47:08.197+0000] {processor.py:830} INFO - Processing file /opt/airflow/dags/etl_dag.py for tasks to queue
[2026-05-18T22:47:08.197+0000] {logging_mixin.py:188} INFO - [2026-05-18T22:47:08.197+0000] {dagbag.py:538} INFO - Filling up the DagBag from /opt/airflow/dags/etl_dag.py
[2026-05-18T22:47:08.694+0000] {processor.py:840} INFO - DAG(s) 'etl_end_to_end_pipeline' retrieved from /opt/airflow/dags/etl_dag.py
[2026-05-18T22:47:08.719+0000] {logging_mixin.py:188} INFO - [2026-05-18T22:47:08.719+0000] {dag.py:3036} INFO - Sync 1 DAGs
[2026-05-18T22:47:08.736+0000] {logging_mixin.py:188} INFO - [2026-05-18T22:47:08.736+0000] {dag.py:3823} INFO - Setting next_dagrun for etl_end_to_end_pipeline to 2026-05-17 00:00:00+00:00, run_after=2026-05-18 00:00:00+00:00
[2026-05-18T22:47:08.763+0000] {processor.py:183} INFO - Processing /opt/airflow/dags/etl_dag.py took 0.571 seconds
[2026-05-18T22:47:38.991+0000] {processor.py:161} INFO - Started process (PID=1161) to work on /opt/airflow/dags/etl_dag.py
[2026-05-18T22:47:38.992+0000] {processor.py:830} INFO - Processing file /opt/airflow/dags/etl_dag.py for tasks to queue
[2026-05-18T22:47:38.992+0000] {logging_mixin.py:188} INFO - [2026-05-18T22:47:38.992+0000] {dagbag.py:538} INFO - Filling up the DagBag from /opt/airflow/dags/etl_dag.py
[2026-05-18T22:47:39.480+0000] {processor.py:840} INFO - DAG(s) 'etl_end_to_end_pipeline' retrieved from /opt/airflow/dags/etl_dag.py
[2026-05-18T22:47:39.505+0000] {logging_mixin.py:188} INFO - [2026-05-18T22:47:39.504+0000] {dag.py:3036} INFO - Sync 1 DAGs
[2026-05-18T22:47:39.521+0000] {logging_mixin.py:188} INFO - [2026-05-18T22:47:39.521+0000] {dag.py:3823} INFO - Setting next_dagrun for etl_end_to_end_pipeline to 2026-05-17 00:00:00+00:00, run_after=2026-05-18 00:00:00+00:00
[2026-05-18T22:47:39.536+0000] {processor.py:183} INFO - Processing /opt/airflow/dags/etl_dag.py took 0.549 seconds
[2026-05-18T22:48:09.733+0000] {processor.py:161} INFO - Started process (PID=1173) to work on /opt/airflow/dags/etl_dag.py
[2026-05-18T22:48:09.734+0000] {processor.py:830} INFO - Processing file /opt/airflow/dags/etl_dag.py for tasks to queue
[2026-05-18T22:48:09.734+0000] {logging_mixin.py:188} INFO - [2026-05-18T22:48:09.734+0000] {dagbag.py:538} INFO - Filling up the DagBag from /opt/airflow/dags/etl_dag.py
[2026-05-18T22:48:10.352+0000] {processor.py:840} INFO - DAG(s) 'etl_end_to_end_pipeline' retrieved from /opt/airflow/dags/etl_dag.py
[2026-05-18T22:48:10.377+0000] {logging_mixin.py:188} INFO - [2026-05-18T22:48:10.377+0000] {dag.py:3036} INFO - Sync 1 DAGs
[2026-05-18T22:48:10.403+0000] {logging_mixin.py:188} INFO - [2026-05-18T22:48:10.403+0000] {dag.py:3823} INFO - Setting next_dagrun for etl_end_to_end_pipeline to 2026-05-17 00:00:00+00:00, run_after=2026-05-18 00:00:00+00:00
[2026-05-18T22:48:10.418+0000] {processor.py:183} INFO - Processing /opt/airflow/dags/etl_dag.py took 0.691 seconds
[2026-05-18T22:48:40.636+0000] {processor.py:161} INFO - Started process (PID=1186) to work on /opt/airflow/dags/etl_dag.py
[2026-05-18T22:48:40.637+0000] {processor.py:830} INFO - Processing file /opt/airflow/dags/etl_dag.py for tasks to queue
[2026-05-18T22:48:40.638+0000] {logging_mixin.py:188} INFO - [2026-05-18T22:48:40.638+0000] {dagbag.py:538} INFO - Filling up the DagBag from /opt/airflow/dags/etl_dag.py
[2026-05-18T22:48:41.137+0000] {processor.py:840} INFO - DAG(s) 'etl_end_to_end_pipeline' retrieved from /opt/airflow/dags/etl_dag.py
[2026-05-18T22:48:41.161+0000] {logging_mixin.py:188} INFO - [2026-05-18T22:48:41.161+0000] {dag.py:3036} INFO - Sync 1 DAGs
[2026-05-18T22:48:41.179+0000] {logging_mixin.py:188} INFO - [2026-05-18T22:48:41.178+0000] {dag.py:3823} INFO - Setting next_dagrun for etl_end_to_end_pipeline to 2026-05-17 00:00:00+00:00, run_after=2026-05-18 00:00:00+00:00
[2026-05-18T22:48:41.195+0000] {processor.py:183} INFO - Processing /opt/airflow/dags/etl_dag.py took 0.562 seconds
[2026-05-18T22:49:11.398+0000] {processor.py:161} INFO - Started process (PID=1198) to work on /opt/airflow/dags/etl_dag.py
[2026-05-18T22:49:11.399+0000] {processor.py:830} INFO - Processing file /opt/airflow/dags/etl_dag.py for tasks to queue
[2026-05-18T22:49:11.399+0000] {logging_mixin.py:188} INFO - [2026-05-18T22:49:11.399+0000] {dagbag.py:538} INFO - Filling up the DagBag from /opt/airflow/dags/etl_dag.py
[2026-05-18T22:49:11.889+0000] {processor.py:840} INFO - DAG(s) 'etl_end_to_end_pipeline' retrieved from /opt/airflow/dags/etl_dag.py
[2026-05-18T22:49:11.914+0000] {logging_mixin.py:188} INFO - [2026-05-18T22:49:11.913+0000] {dag.py:3036} INFO - Sync 1 DAGs
[2026-05-18T22:49:11.931+0000] {logging_mixin.py:188} INFO - [2026-05-18T22:49:11.931+0000] {dag.py:3823} INFO - Setting next_dagrun for etl_end_to_end_pipeline to 2026-05-17 00:00:00+00:00, run_after=2026-05-18 00:00:00+00:00
[2026-05-18T22:49:11.946+0000] {processor.py:183} INFO - Processing /opt/airflow/dags/etl_dag.py took 0.552 seconds
[2026-05-18T22:49:42.150+0000] {processor.py:161} INFO - Started process (PID=1210) to work on /opt/airflow/dags/etl_dag.py
[2026-05-18T22:49:42.151+0000] {processor.py:830} INFO - Processing file /opt/airflow/dags/etl_dag.py for tasks to queue
[2026-05-18T22:49:42.152+0000] {logging_mixin.py:188} INFO - [2026-05-18T22:49:42.152+0000] {dagbag.py:538} INFO - Filling up the DagBag from /opt/airflow/dags/etl_dag.py
[2026-05-18T22:49:42.637+0000] {processor.py:840} INFO - DAG(s) 'etl_end_to_end_pipeline' retrieved from /opt/airflow/dags/etl_dag.py
[2026-05-18T22:49:42.662+0000] {logging_mixin.py:188} INFO - [2026-05-18T22:49:42.661+0000] {dag.py:3036} INFO - Sync 1 DAGs
[2026-05-18T22:49:42.678+0000] {logging_mixin.py:188} INFO - [2026-05-18T22:49:42.678+0000] {dag.py:3823} INFO - Setting next_dagrun for etl_end_to_end_pipeline to 2026-05-17 00:00:00+00:00, run_after=2026-05-18 00:00:00+00:00
[2026-05-18T22:49:42.693+0000] {processor.py:183} INFO - Processing /opt/airflow/dags/etl_dag.py took 0.546 seconds
[2026-05-18T22:50:12.892+0000] {processor.py:161} INFO - Started process (PID=1222) to work on /opt/airflow/dags/etl_dag.py
[2026-05-18T22:50:12.893+0000] {processor.py:830} INFO - Processing file /opt/airflow/dags/etl_dag.py for tasks to queue
[2026-05-18T22:50:12.894+0000] {logging_mixin.py:188} INFO - [2026-05-18T22:50:12.894+0000] {dagbag.py:538} INFO - Filling up the DagBag from /opt/airflow/dags/etl_dag.py
[2026-05-18T22:50:13.390+0000] {processor.py:840} INFO - DAG(s) 'etl_end_to_end_pipeline' retrieved from /opt/airflow/dags/etl_dag.py
[2026-05-18T22:50:13.414+0000] {logging_mixin.py:188} INFO - [2026-05-18T22:50:13.414+0000] {dag.py:3036} INFO - Sync 1 DAGs
[2026-05-18T22:50:13.430+0000] {logging_mixin.py:188} INFO - [2026-05-18T22:50:13.430+0000] {dag.py:3823} INFO - Setting next_dagrun for etl_end_to_end_pipeline to 2026-05-17 00:00:00+00:00, run_after=2026-05-18 00:00:00+00:00
[2026-05-18T22:50:13.446+0000] {processor.py:183} INFO - Processing /opt/airflow/dags/etl_dag.py took 0.557 seconds
[2026-05-18T22:50:43.654+0000] {processor.py:161} INFO - Started process (PID=1234) to work on /opt/airflow/dags/etl_dag.py
[2026-05-18T22:50:43.655+0000] {processor.py:830} INFO - Processing file /opt/airflow/dags/etl_dag.py for tasks to queue
[2026-05-18T22:50:43.656+0000] {logging_mixin.py:188} INFO - [2026-05-18T22:50:43.656+0000] {dagbag.py:538} INFO - Filling up the DagBag from /opt/airflow/dags/etl_dag.py
[2026-05-18T22:50:44.165+0000] {processor.py:840} INFO - DAG(s) 'etl_end_to_end_pipeline' retrieved from /opt/airflow/dags/etl_dag.py
[2026-05-18T22:50:44.189+0000] {logging_mixin.py:188} INFO - [2026-05-18T22:50:44.188+0000] {dag.py:3036} INFO - Sync 1 DAGs
[2026-05-18T22:50:44.208+0000] {logging_mixin.py:188} INFO - [2026-05-18T22:50:44.208+0000] {dag.py:3823} INFO - Setting next_dagrun for etl_end_to_end_pipeline to 2026-05-17 00:00:00+00:00, run_after=2026-05-18 00:00:00+00:00
[2026-05-18T22:50:44.226+0000] {processor.py:183} INFO - Processing /opt/airflow/dags/etl_dag.py took 0.575 seconds
[2026-05-18T22:51:14.419+0000] {processor.py:161} INFO - Started process (PID=1246) to work on /opt/airflow/dags/etl_dag.py
[2026-05-18T22:51:14.420+0000] {processor.py:830} INFO - Processing file /opt/airflow/dags/etl_dag.py for tasks to queue
[2026-05-18T22:51:14.421+0000] {logging_mixin.py:188} INFO - [2026-05-18T22:51:14.420+0000] {dagbag.py:538} INFO - Filling up the DagBag from /opt/airflow/dags/etl_dag.py
[2026-05-18T22:51:14.907+0000] {processor.py:840} INFO - DAG(s) 'etl_end_to_end_pipeline' retrieved from /opt/airflow/dags/etl_dag.py
[2026-05-18T22:51:14.933+0000] {logging_mixin.py:188} INFO - [2026-05-18T22:51:14.932+0000] {dag.py:3036} INFO - Sync 1 DAGs
[2026-05-18T22:51:14.950+0000] {logging_mixin.py:188} INFO - [2026-05-18T22:51:14.950+0000] {dag.py:3823} INFO - Setting next_dagrun for etl_end_to_end_pipeline to 2026-05-17 00:00:00+00:00, run_after=2026-05-18 00:00:00+00:00
[2026-05-18T22:51:14.966+0000] {processor.py:183} INFO - Processing /opt/airflow/dags/etl_dag.py took 0.550 seconds
[2026-05-18T22:51:45.180+0000] {processor.py:161} INFO - Started process (PID=1258) to work on /opt/airflow/dags/etl_dag.py
[2026-05-18T22:51:45.181+0000] {processor.py:830} INFO - Processing file /opt/airflow/dags/etl_dag.py for tasks to queue
[2026-05-18T22:51:45.182+0000] {logging_mixin.py:188} INFO - [2026-05-18T22:51:45.181+0000] {dagbag.py:538} INFO - Filling up the DagBag from /opt/airflow/dags/etl_dag.py
[2026-05-18T22:51:45.687+0000] {processor.py:840} INFO - DAG(s) 'etl_end_to_end_pipeline' retrieved from /opt/airflow/dags/etl_dag.py
[2026-05-18T22:51:45.711+0000] {logging_mixin.py:188} INFO - [2026-05-18T22:51:45.710+0000] {dag.py:3036} INFO - Sync 1 DAGs
[2026-05-18T22:51:45.727+0000] {logging_mixin.py:188} INFO - [2026-05-18T22:51:45.727+0000] {dag.py:3823} INFO - Setting next_dagrun for etl_end_to_end_pipeline to 2026-05-17 00:00:00+00:00, run_after=2026-05-18 00:00:00+00:00
[2026-05-18T22:51:45.742+0000] {processor.py:183} INFO - Processing /opt/airflow/dags/etl_dag.py took 0.565 seconds
[2026-05-18T22:52:15.939+0000] {processor.py:161} INFO - Started process (PID=1270) to work on /opt/airflow/dags/etl_dag.py
[2026-05-18T22:52:15.940+0000] {processor.py:830} INFO - Processing file /opt/airflow/dags/etl_dag.py for tasks to queue
[2026-05-18T22:52:15.941+0000] {logging_mixin.py:188} INFO - [2026-05-18T22:52:15.941+0000] {dagbag.py:538} INFO - Filling up the DagBag from /opt/airflow/dags/etl_dag.py
[2026-05-18T22:52:16.451+0000] {processor.py:840} INFO - DAG(s) 'etl_end_to_end_pipeline' retrieved from /opt/airflow/dags/etl_dag.py
[2026-05-18T22:52:16.476+0000] {logging_mixin.py:188} INFO - [2026-05-18T22:52:16.475+0000] {dag.py:3036} INFO - Sync 1 DAGs
[2026-05-18T22:52:16.492+0000] {logging_mixin.py:188} INFO - [2026-05-18T22:52:16.492+0000] {dag.py:3823} INFO - Setting next_dagrun for etl_end_to_end_pipeline to 2026-05-17 00:00:00+00:00, run_after=2026-05-18 00:00:00+00:00
[2026-05-18T22:52:16.508+0000] {processor.py:183} INFO - Processing /opt/airflow/dags/etl_dag.py took 0.572 seconds
[2026-05-18T22:52:46.715+0000] {processor.py:161} INFO - Started process (PID=1282) to work on /opt/airflow/dags/etl_dag.py
[2026-05-18T22:52:46.716+0000] {processor.py:830} INFO - Processing file /opt/airflow/dags/etl_dag.py for tasks to queue
[2026-05-18T22:52:46.717+0000] {logging_mixin.py:188} INFO - [2026-05-18T22:52:46.717+0000] {dagbag.py:538} INFO - Filling up the DagBag from /opt/airflow/dags/etl_dag.py
[2026-05-18T22:52:47.200+0000] {processor.py:840} INFO - DAG(s) 'etl_end_to_end_pipeline' retrieved from /opt/airflow/dags/etl_dag.py
[2026-05-18T22:52:47.223+0000] {logging_mixin.py:188} INFO - [2026-05-18T22:52:47.223+0000] {dag.py:3036} INFO - Sync 1 DAGs
[2026-05-18T22:52:47.240+0000] {logging_mixin.py:188} INFO - [2026-05-18T22:52:47.240+0000] {dag.py:3823} INFO - Setting next_dagrun for etl_end_to_end_pipeline to 2026-05-17 00:00:00+00:00, run_after=2026-05-18 00:00:00+00:00
[2026-05-18T22:52:47.255+0000] {processor.py:183} INFO - Processing /opt/airflow/dags/etl_dag.py took 0.544 seconds
[2026-05-18T22:53:17.444+0000] {processor.py:161} INFO - Started process (PID=1294) to work on /opt/airflow/dags/etl_dag.py
[2026-05-18T22:53:17.445+0000] {processor.py:830} INFO - Processing file /opt/airflow/dags/etl_dag.py for tasks to queue
[2026-05-18T22:53:17.446+0000] {logging_mixin.py:188} INFO - [2026-05-18T22:53:17.446+0000] {dagbag.py:538} INFO - Filling up the DagBag from /opt/airflow/dags/etl_dag.py
[2026-05-18T22:53:17.936+0000] {processor.py:840} INFO - DAG(s) 'etl_end_to_end_pipeline' retrieved from /opt/airflow/dags/etl_dag.py
[2026-05-18T22:53:17.962+0000] {logging_mixin.py:188} INFO - [2026-05-18T22:53:17.962+0000] {dag.py:3036} INFO - Sync 1 DAGs
[2026-05-18T22:53:17.980+0000] {logging_mixin.py:188} INFO - [2026-05-18T22:53:17.980+0000] {dag.py:3823} INFO - Setting next_dagrun for etl_end_to_end_pipeline to 2026-05-17 00:00:00+00:00, run_after=2026-05-18 00:00:00+00:00
[2026-05-18T22:53:17.996+0000] {processor.py:183} INFO - Processing /opt/airflow/dags/etl_dag.py took 0.555 seconds
[2026-05-18T22:53:48.211+0000] {processor.py:161} INFO - Started process (PID=1306) to work on /opt/airflow/dags/etl_dag.py
[2026-05-18T22:53:48.212+0000] {processor.py:830} INFO - Processing file /opt/airflow/dags/etl_dag.py for tasks to queue
[2026-05-18T22:53:48.213+0000] {logging_mixin.py:188} INFO - [2026-05-18T22:53:48.213+0000] {dagbag.py:538} INFO - Filling up the DagBag from /opt/airflow/dags/etl_dag.py
[2026-05-18T22:53:48.720+0000] {processor.py:840} INFO - DAG(s) 'etl_end_to_end_pipeline' retrieved from /opt/airflow/dags/etl_dag.py
[2026-05-18T22:53:48.745+0000] {logging_mixin.py:188} INFO - [2026-05-18T22:53:48.745+0000] {dag.py:3036} INFO - Sync 1 DAGs
[2026-05-18T22:53:48.762+0000] {logging_mixin.py:188} INFO - [2026-05-18T22:53:48.762+0000] {dag.py:3823} INFO - Setting next_dagrun for etl_end_to_end_pipeline to 2026-05-17 00:00:00+00:00, run_after=2026-05-18 00:00:00+00:00
[2026-05-18T22:53:48.777+0000] {processor.py:183} INFO - Processing /opt/airflow/dags/etl_dag.py took 0.569 seconds
[2026-05-18T22:54:18.977+0000] {processor.py:161} INFO - Started process (PID=1318) to work on /opt/airflow/dags/etl_dag.py
[2026-05-18T22:54:18.978+0000] {processor.py:830} INFO - Processing file /opt/airflow/dags/etl_dag.py for tasks to queue
[2026-05-18T22:54:18.979+0000] {logging_mixin.py:188} INFO - [2026-05-18T22:54:18.979+0000] {dagbag.py:538} INFO - Filling up the DagBag from /opt/airflow/dags/etl_dag.py
[2026-05-18T22:54:19.481+0000] {processor.py:840} INFO - DAG(s) 'etl_end_to_end_pipeline' retrieved from /opt/airflow/dags/etl_dag.py
[2026-05-18T22:54:19.506+0000] {logging_mixin.py:188} INFO - [2026-05-18T22:54:19.505+0000] {dag.py:3036} INFO - Sync 1 DAGs
[2026-05-18T22:54:19.522+0000] {logging_mixin.py:188} INFO - [2026-05-18T22:54:19.522+0000] {dag.py:3823} INFO - Setting next_dagrun for etl_end_to_end_pipeline to 2026-05-17 00:00:00+00:00, run_after=2026-05-18 00:00:00+00:00
[2026-05-18T22:54:19.540+0000] {processor.py:183} INFO - Processing /opt/airflow/dags/etl_dag.py took 0.566 seconds
[2026-05-18T22:54:49.750+0000] {processor.py:161} INFO - Started process (PID=1330) to work on /opt/airflow/dags/etl_dag.py
[2026-05-18T22:54:49.751+0000] {processor.py:830} INFO - Processing file /opt/airflow/dags/etl_dag.py for tasks to queue
[2026-05-18T22:54:49.752+0000] {logging_mixin.py:188} INFO - [2026-05-18T22:54:49.752+0000] {dagbag.py:538} INFO - Filling up the DagBag from /opt/airflow/dags/etl_dag.py
[2026-05-18T22:54:50.238+0000] {processor.py:840} INFO - DAG(s) 'etl_end_to_end_pipeline' retrieved from /opt/airflow/dags/etl_dag.py
[2026-05-18T22:54:50.263+0000] {logging_mixin.py:188} INFO - [2026-05-18T22:54:50.263+0000] {dag.py:3036} INFO - Sync 1 DAGs
[2026-05-18T22:54:50.281+0000] {logging_mixin.py:188} INFO - [2026-05-18T22:54:50.280+0000] {dag.py:3823} INFO - Setting next_dagrun for etl_end_to_end_pipeline to 2026-05-17 00:00:00+00:00, run_after=2026-05-18 00:00:00+00:00
[2026-05-18T22:54:50.298+0000] {processor.py:183} INFO - Processing /opt/airflow/dags/etl_dag.py took 0.551 seconds
[2026-05-18T22:55:20.485+0000] {processor.py:161} INFO - Started process (PID=1342) to work on /opt/airflow/dags/etl_dag.py
[2026-05-18T22:55:20.486+0000] {processor.py:830} INFO - Processing file /opt/airflow/dags/etl_dag.py for tasks to queue
[2026-05-18T22:55:20.487+0000] {logging_mixin.py:188} INFO - [2026-05-18T22:55:20.487+0000] {dagbag.py:538} INFO - Filling up the DagBag from /opt/airflow/dags/etl_dag.py
[2026-05-18T22:55:20.993+0000] {processor.py:840} INFO - DAG(s) 'etl_end_to_end_pipeline' retrieved from /opt/airflow/dags/etl_dag.py
[2026-05-18T22:55:21.017+0000] {logging_mixin.py:188} INFO - [2026-05-18T22:55:21.017+0000] {dag.py:3036} INFO - Sync 1 DAGs
[2026-05-18T22:55:21.034+0000] {logging_mixin.py:188} INFO - [2026-05-18T22:55:21.034+0000] {dag.py:3823} INFO - Setting next_dagrun for etl_end_to_end_pipeline to 2026-05-17 00:00:00+00:00, run_after=2026-05-18 00:00:00+00:00
[2026-05-18T22:55:21.050+0000] {processor.py:183} INFO - Processing /opt/airflow/dags/etl_dag.py took 0.568 seconds
[2026-05-18T22:55:51.265+0000] {processor.py:161} INFO - Started process (PID=1354) to work on /opt/airflow/dags/etl_dag.py
[2026-05-18T22:55:51.266+0000] {processor.py:830} INFO - Processing file /opt/airflow/dags/etl_dag.py for tasks to queue
[2026-05-18T22:55:51.267+0000] {logging_mixin.py:188} INFO - [2026-05-18T22:55:51.266+0000] {dagbag.py:538} INFO - Filling up the DagBag from /opt/airflow/dags/etl_dag.py
[2026-05-18T22:55:51.770+0000] {processor.py:840} INFO - DAG(s) 'etl_end_to_end_pipeline' retrieved from /opt/airflow/dags/etl_dag.py
[2026-05-18T22:55:51.794+0000] {logging_mixin.py:188} INFO - [2026-05-18T22:55:51.794+0000] {dag.py:3036} INFO - Sync 1 DAGs
[2026-05-18T22:55:51.812+0000] {logging_mixin.py:188} INFO - [2026-05-18T22:55:51.812+0000] {dag.py:3823} INFO - Setting next_dagrun for etl_end_to_end_pipeline to 2026-05-17 00:00:00+00:00, run_after=2026-05-18 00:00:00+00:00
[2026-05-18T22:55:51.827+0000] {processor.py:183} INFO - Processing /opt/airflow/dags/etl_dag.py took 0.566 seconds
[2026-05-18T22:56:22.025+0000] {processor.py:161} INFO - Started process (PID=1366) to work on /opt/airflow/dags/etl_dag.py
[2026-05-18T22:56:22.026+0000] {processor.py:830} INFO - Processing file /opt/airflow/dags/etl_dag.py for tasks to queue
[2026-05-18T22:56:22.027+0000] {logging_mixin.py:188} INFO - [2026-05-18T22:56:22.026+0000] {dagbag.py:538} INFO - Filling up the DagBag from /opt/airflow/dags/etl_dag.py
[2026-05-18T22:56:22.526+0000] {processor.py:840} INFO - DAG(s) 'etl_end_to_end_pipeline' retrieved from /opt/airflow/dags/etl_dag.py
[2026-05-18T22:56:22.550+0000] {logging_mixin.py:188} INFO - [2026-05-18T22:56:22.550+0000] {dag.py:3036} INFO - Sync 1 DAGs
[2026-05-18T22:56:22.567+0000] {logging_mixin.py:188} INFO - [2026-05-18T22:56:22.567+0000] {dag.py:3823} INFO - Setting next_dagrun for etl_end_to_end_pipeline to 2026-05-17 00:00:00+00:00, run_after=2026-05-18 00:00:00+00:00
[2026-05-18T22:56:22.584+0000] {processor.py:183} INFO - Processing /opt/airflow/dags/etl_dag.py took 0.562 seconds
[2026-05-18T22:56:52.790+0000] {processor.py:161} INFO - Started process (PID=1378) to work on /opt/airflow/dags/etl_dag.py
[2026-05-18T22:56:52.791+0000] {processor.py:830} INFO - Processing file /opt/airflow/dags/etl_dag.py for tasks to queue
[2026-05-18T22:56:52.791+0000] {logging_mixin.py:188} INFO - [2026-05-18T22:56:52.791+0000] {dagbag.py:538} INFO - Filling up the DagBag from /opt/airflow/dags/etl_dag.py
[2026-05-18T22:56:53.294+0000] {processor.py:840} INFO - DAG(s) 'etl_end_to_end_pipeline' retrieved from /opt/airflow/dags/etl_dag.py
[2026-05-18T22:56:53.319+0000] {logging_mixin.py:188} INFO - [2026-05-18T22:56:53.318+0000] {dag.py:3036} INFO - Sync 1 DAGs
[2026-05-18T22:56:53.336+0000] {logging_mixin.py:188} INFO - [2026-05-18T22:56:53.336+0000] {dag.py:3823} INFO - Setting next_dagrun for etl_end_to_end_pipeline to 2026-05-17 00:00:00+00:00, run_after=2026-05-18 00:00:00+00:00
[2026-05-18T22:56:53.352+0000] {processor.py:183} INFO - Processing /opt/airflow/dags/etl_dag.py took 0.566 seconds
[2026-05-18T22:57:23.542+0000] {processor.py:161} INFO - Started process (PID=1396) to work on /opt/airflow/dags/etl_dag.py
[2026-05-18T22:57:23.543+0000] {processor.py:830} INFO - Processing file /opt/airflow/dags/etl_dag.py for tasks to queue
[2026-05-18T22:57:23.544+0000] {logging_mixin.py:188} INFO - [2026-05-18T22:57:23.544+0000] {dagbag.py:538} INFO - Filling up the DagBag from /opt/airflow/dags/etl_dag.py
[2026-05-18T22:57:24.026+0000] {processor.py:840} INFO - DAG(s) 'etl_end_to_end_pipeline' retrieved from /opt/airflow/dags/etl_dag.py
[2026-05-18T22:57:24.051+0000] {logging_mixin.py:188} INFO - [2026-05-18T22:57:24.051+0000] {dag.py:3036} INFO - Sync 1 DAGs
[2026-05-18T22:57:24.068+0000] {logging_mixin.py:188} INFO - [2026-05-18T22:57:24.068+0000] {dag.py:3823} INFO - Setting next_dagrun for etl_end_to_end_pipeline to 2026-05-17 00:00:00+00:00, run_after=2026-05-18 00:00:00+00:00
[2026-05-18T22:57:24.084+0000] {processor.py:183} INFO - Processing /opt/airflow/dags/etl_dag.py took 0.546 seconds
[2026-05-18T22:57:54.293+0000] {processor.py:161} INFO - Started process (PID=1408) to work on /opt/airflow/dags/etl_dag.py
[2026-05-18T22:57:54.294+0000] {processor.py:830} INFO - Processing file /opt/airflow/dags/etl_dag.py for tasks to queue
[2026-05-18T22:57:54.295+0000] {logging_mixin.py:188} INFO - [2026-05-18T22:57:54.295+0000] {dagbag.py:538} INFO - Filling up the DagBag from /opt/airflow/dags/etl_dag.py
[2026-05-18T22:57:54.770+0000] {processor.py:840} INFO - DAG(s) 'etl_end_to_end_pipeline' retrieved from /opt/airflow/dags/etl_dag.py
[2026-05-18T22:57:54.795+0000] {logging_mixin.py:188} INFO - [2026-05-18T22:57:54.795+0000] {dag.py:3036} INFO - Sync 1 DAGs
[2026-05-18T22:57:54.811+0000] {logging_mixin.py:188} INFO - [2026-05-18T22:57:54.811+0000] {dag.py:3823} INFO - Setting next_dagrun for etl_end_to_end_pipeline to 2026-05-17 00:00:00+00:00, run_after=2026-05-18 00:00:00+00:00
[2026-05-18T22:57:54.826+0000] {processor.py:183} INFO - Processing /opt/airflow/dags/etl_dag.py took 0.537 seconds
[2026-05-18T22:58:25.022+0000] {processor.py:161} INFO - Started process (PID=1420) to work on /opt/airflow/dags/etl_dag.py
[2026-05-18T22:58:25.024+0000] {processor.py:830} INFO - Processing file /opt/airflow/dags/etl_dag.py for tasks to queue
[2026-05-18T22:58:25.024+0000] {logging_mixin.py:188} INFO - [2026-05-18T22:58:25.024+0000] {dagbag.py:538} INFO - Filling up the DagBag from /opt/airflow/dags/etl_dag.py
[2026-05-18T22:58:25.651+0000] {processor.py:840} INFO - DAG(s) 'etl_end_to_end_pipeline' retrieved from /opt/airflow/dags/etl_dag.py
[2026-05-18T22:58:25.681+0000] {logging_mixin.py:188} INFO - [2026-05-18T22:58:25.681+0000] {dag.py:3036} INFO - Sync 1 DAGs
[2026-05-18T22:58:25.698+0000] {logging_mixin.py:188} INFO - [2026-05-18T22:58:25.698+0000] {dag.py:3823} INFO - Setting next_dagrun for etl_end_to_end_pipeline to 2026-05-17 00:00:00+00:00, run_after=2026-05-18 00:00:00+00:00
[2026-05-18T22:58:25.716+0000] {processor.py:183} INFO - Processing /opt/airflow/dags/etl_dag.py took 0.697 seconds
[2026-05-18T22:58:55.936+0000] {processor.py:161} INFO - Started process (PID=1432) to work on /opt/airflow/dags/etl_dag.py
[2026-05-18T22:58:55.937+0000] {processor.py:830} INFO - Processing file /opt/airflow/dags/etl_dag.py for tasks to queue
[2026-05-18T22:58:55.938+0000] {logging_mixin.py:188} INFO - [2026-05-18T22:58:55.938+0000] {dagbag.py:538} INFO - Filling up the DagBag from /opt/airflow/dags/etl_dag.py
[2026-05-18T22:58:56.455+0000] {processor.py:840} INFO - DAG(s) 'etl_end_to_end_pipeline' retrieved from /opt/airflow/dags/etl_dag.py
[2026-05-18T22:58:56.481+0000] {logging_mixin.py:188} INFO - [2026-05-18T22:58:56.481+0000] {dag.py:3036} INFO - Sync 1 DAGs
[2026-05-18T22:58:56.502+0000] {logging_mixin.py:188} INFO - [2026-05-18T22:58:56.502+0000] {dag.py:3823} INFO - Setting next_dagrun for etl_end_to_end_pipeline to 2026-05-17 00:00:00+00:00, run_after=2026-05-18 00:00:00+00:00
[2026-05-18T22:58:56.520+0000] {processor.py:183} INFO - Processing /opt/airflow/dags/etl_dag.py took 0.588 seconds
[2026-05-18T22:59:26.720+0000] {processor.py:161} INFO - Started process (PID=1444) to work on /opt/airflow/dags/etl_dag.py
[2026-05-18T22:59:26.721+0000] {processor.py:830} INFO - Processing file /opt/airflow/dags/etl_dag.py for tasks to queue
[2026-05-18T22:59:26.722+0000] {logging_mixin.py:188} INFO - [2026-05-18T22:59:26.721+0000] {dagbag.py:538} INFO - Filling up the DagBag from /opt/airflow/dags/etl_dag.py
[2026-05-18T22:59:27.202+0000] {processor.py:840} INFO - DAG(s) 'etl_end_to_end_pipeline' retrieved from /opt/airflow/dags/etl_dag.py
[2026-05-18T22:59:27.227+0000] {logging_mixin.py:188} INFO - [2026-05-18T22:59:27.226+0000] {dag.py:3036} INFO - Sync 1 DAGs
[2026-05-18T22:59:27.243+0000] {logging_mixin.py:188} INFO - [2026-05-18T22:59:27.243+0000] {dag.py:3823} INFO - Setting next_dagrun for etl_end_to_end_pipeline to 2026-05-17 00:00:00+00:00, run_after=2026-05-18 00:00:00+00:00
[2026-05-18T22:59:27.259+0000] {processor.py:183} INFO - Processing /opt/airflow/dags/etl_dag.py took 0.542 seconds
[2026-05-18T22:59:57.474+0000] {processor.py:161} INFO - Started process (PID=1456) to work on /opt/airflow/dags/etl_dag.py
[2026-05-18T22:59:57.475+0000] {processor.py:830} INFO - Processing file /opt/airflow/dags/etl_dag.py for tasks to queue
[2026-05-18T22:59:57.476+0000] {logging_mixin.py:188} INFO - [2026-05-18T22:59:57.476+0000] {dagbag.py:538} INFO - Filling up the DagBag from /opt/airflow/dags/etl_dag.py
[2026-05-18T22:59:57.990+0000] {processor.py:840} INFO - DAG(s) 'etl_end_to_end_pipeline' retrieved from /opt/airflow/dags/etl_dag.py
[2026-05-18T22:59:58.015+0000] {logging_mixin.py:188} INFO - [2026-05-18T22:59:58.014+0000] {dag.py:3036} INFO - Sync 1 DAGs
[2026-05-18T22:59:58.032+0000] {logging_mixin.py:188} INFO - [2026-05-18T22:59:58.032+0000] {dag.py:3823} INFO - Setting next_dagrun for etl_end_to_end_pipeline to 2026-05-17 00:00:00+00:00, run_after=2026-05-18 00:00:00+00:00
[2026-05-18T22:59:58.048+0000] {processor.py:183} INFO - Processing /opt/airflow/dags/etl_dag.py took 0.578 seconds
[2026-05-18T23:00:28.248+0000] {processor.py:161} INFO - Started process (PID=1468) to work on /opt/airflow/dags/etl_dag.py
[2026-05-18T23:00:28.249+0000] {processor.py:830} INFO - Processing file /opt/airflow/dags/etl_dag.py for tasks to queue
[2026-05-18T23:00:28.250+0000] {logging_mixin.py:188} INFO - [2026-05-18T23:00:28.250+0000] {dagbag.py:538} INFO - Filling up the DagBag from /opt/airflow/dags/etl_dag.py
[2026-05-18T23:00:28.761+0000] {processor.py:840} INFO - DAG(s) 'etl_end_to_end_pipeline' retrieved from /opt/airflow/dags/etl_dag.py
[2026-05-18T23:00:28.788+0000] {logging_mixin.py:188} INFO - [2026-05-18T23:00:28.788+0000] {dag.py:3036} INFO - Sync 1 DAGs
[2026-05-18T23:00:28.806+0000] {logging_mixin.py:188} INFO - [2026-05-18T23:00:28.806+0000] {dag.py:3823} INFO - Setting next_dagrun for etl_end_to_end_pipeline to 2026-05-17 00:00:00+00:00, run_after=2026-05-18 00:00:00+00:00
[2026-05-18T23:00:28.822+0000] {processor.py:183} INFO - Processing /opt/airflow/dags/etl_dag.py took 0.578 seconds
[2026-05-18T23:00:59.028+0000] {processor.py:161} INFO - Started process (PID=1481) to work on /opt/airflow/dags/etl_dag.py
[2026-05-18T23:00:59.029+0000] {processor.py:830} INFO - Processing file /opt/airflow/dags/etl_dag.py for tasks to queue
[2026-05-18T23:00:59.030+0000] {logging_mixin.py:188} INFO - [2026-05-18T23:00:59.029+0000] {dagbag.py:538} INFO - Filling up the DagBag from /opt/airflow/dags/etl_dag.py
[2026-05-18T23:00:59.552+0000] {processor.py:840} INFO - DAG(s) 'etl_end_to_end_pipeline' retrieved from /opt/airflow/dags/etl_dag.py
[2026-05-18T23:00:59.578+0000] {logging_mixin.py:188} INFO - [2026-05-18T23:00:59.578+0000] {dag.py:3036} INFO - Sync 1 DAGs
[2026-05-18T23:00:59.598+0000] {logging_mixin.py:188} INFO - [2026-05-18T23:00:59.597+0000] {dag.py:3823} INFO - Setting next_dagrun for etl_end_to_end_pipeline to 2026-05-17 00:00:00+00:00, run_after=2026-05-18 00:00:00+00:00
[2026-05-18T23:00:59.615+0000] {processor.py:183} INFO - Processing /opt/airflow/dags/etl_dag.py took 0.591 seconds
[2026-05-18T23:01:29.800+0000] {processor.py:161} INFO - Started process (PID=1493) to work on /opt/airflow/dags/etl_dag.py
[2026-05-18T23:01:29.801+0000] {processor.py:830} INFO - Processing file /opt/airflow/dags/etl_dag.py for tasks to queue
[2026-05-18T23:01:29.802+0000] {logging_mixin.py:188} INFO - [2026-05-18T23:01:29.802+0000] {dagbag.py:538} INFO - Filling up the DagBag from /opt/airflow/dags/etl_dag.py
[2026-05-18T23:01:30.288+0000] {processor.py:840} INFO - DAG(s) 'etl_end_to_end_pipeline' retrieved from /opt/airflow/dags/etl_dag.py
[2026-05-18T23:01:30.314+0000] {logging_mixin.py:188} INFO - [2026-05-18T23:01:30.313+0000] {dag.py:3036} INFO - Sync 1 DAGs
[2026-05-18T23:01:30.330+0000] {logging_mixin.py:188} INFO - [2026-05-18T23:01:30.330+0000] {dag.py:3823} INFO - Setting next_dagrun for etl_end_to_end_pipeline to 2026-05-17 00:00:00+00:00, run_after=2026-05-18 00:00:00+00:00
[2026-05-18T23:01:30.346+0000] {processor.py:183} INFO - Processing /opt/airflow/dags/etl_dag.py took 0.549 seconds
[2026-05-18T23:02:00.546+0000] {processor.py:161} INFO - Started process (PID=1505) to work on /opt/airflow/dags/etl_dag.py
[2026-05-18T23:02:00.547+0000] {processor.py:830} INFO - Processing file /opt/airflow/dags/etl_dag.py for tasks to queue
[2026-05-18T23:02:00.548+0000] {logging_mixin.py:188} INFO - [2026-05-18T23:02:00.548+0000] {dagbag.py:538} INFO - Filling up the DagBag from /opt/airflow/dags/etl_dag.py
[2026-05-18T23:02:01.032+0000] {processor.py:840} INFO - DAG(s) 'etl_end_to_end_pipeline' retrieved from /opt/airflow/dags/etl_dag.py
[2026-05-18T23:02:01.056+0000] {logging_mixin.py:188} INFO - [2026-05-18T23:02:01.056+0000] {dag.py:3036} INFO - Sync 1 DAGs
[2026-05-18T23:02:01.073+0000] {logging_mixin.py:188} INFO - [2026-05-18T23:02:01.073+0000] {dag.py:3823} INFO - Setting next_dagrun for etl_end_to_end_pipeline to 2026-05-17 00:00:00+00:00, run_after=2026-05-18 00:00:00+00:00
[2026-05-18T23:02:01.093+0000] {processor.py:183} INFO - Processing /opt/airflow/dags/etl_dag.py took 0.550 seconds
[2026-05-18T23:02:20.868+0000] {processor.py:161} INFO - Started process (PID=223) to work on /opt/airflow/dags/etl_dag.py
[2026-05-18T23:02:20.869+0000] {processor.py:830} INFO - Processing file /opt/airflow/dags/etl_dag.py for tasks to queue
[2026-05-18T23:02:20.870+0000] {logging_mixin.py:188} INFO - [2026-05-18T23:02:20.869+0000] {dagbag.py:538} INFO - Filling up the DagBag from /opt/airflow/dags/etl_dag.py
[2026-05-18T23:02:21.386+0000] {processor.py:840} INFO - DAG(s) 'etl_end_to_end_pipeline' retrieved from /opt/airflow/dags/etl_dag.py
[2026-05-18T23:02:21.517+0000] {logging_mixin.py:188} INFO - [2026-05-18T23:02:21.516+0000] {dag.py:3036} INFO - Sync 1 DAGs
[2026-05-18T23:02:21.537+0000] {logging_mixin.py:188} INFO - [2026-05-18T23:02:21.537+0000] {dag.py:3823} INFO - Setting next_dagrun for etl_end_to_end_pipeline to 2026-05-17 00:00:00+00:00, run_after=2026-05-18 00:00:00+00:00
[2026-05-18T23:02:21.557+0000] {processor.py:183} INFO - Processing /opt/airflow/dags/etl_dag.py took 0.693 seconds
[2026-05-18T23:02:51.771+0000] {processor.py:161} INFO - Started process (PID=253) to work on /opt/airflow/dags/etl_dag.py
[2026-05-18T23:02:51.772+0000] {processor.py:830} INFO - Processing file /opt/airflow/dags/etl_dag.py for tasks to queue
[2026-05-18T23:02:51.773+0000] {logging_mixin.py:188} INFO - [2026-05-18T23:02:51.773+0000] {dagbag.py:538} INFO - Filling up the DagBag from /opt/airflow/dags/etl_dag.py
[2026-05-18T23:02:52.337+0000] {processor.py:840} INFO - DAG(s) 'etl_end_to_end_pipeline' retrieved from /opt/airflow/dags/etl_dag.py
[2026-05-18T23:02:52.363+0000] {logging_mixin.py:188} INFO - [2026-05-18T23:02:52.363+0000] {dag.py:3036} INFO - Sync 1 DAGs
[2026-05-18T23:02:52.381+0000] {logging_mixin.py:188} INFO - [2026-05-18T23:02:52.381+0000] {dag.py:3823} INFO - Setting next_dagrun for etl_end_to_end_pipeline to 2026-05-17 00:00:00+00:00, run_after=2026-05-18 00:00:00+00:00
[2026-05-18T23:02:52.399+0000] {processor.py:183} INFO - Processing /opt/airflow/dags/etl_dag.py took 0.634 seconds
[2026-05-18T23:03:22.601+0000] {processor.py:161} INFO - Started process (PID=320) to work on /opt/airflow/dags/etl_dag.py
[2026-05-18T23:03:22.602+0000] {processor.py:830} INFO - Processing file /opt/airflow/dags/etl_dag.py for tasks to queue
[2026-05-18T23:03:22.603+0000] {logging_mixin.py:188} INFO - [2026-05-18T23:03:22.603+0000] {dagbag.py:538} INFO - Filling up the DagBag from /opt/airflow/dags/etl_dag.py
[2026-05-18T23:03:23.056+0000] {processor.py:840} INFO - DAG(s) 'etl_end_to_end_pipeline' retrieved from /opt/airflow/dags/etl_dag.py
[2026-05-18T23:03:23.078+0000] {logging_mixin.py:188} INFO - [2026-05-18T23:03:23.078+0000] {dag.py:3036} INFO - Sync 1 DAGs
[2026-05-18T23:03:23.095+0000] {logging_mixin.py:188} INFO - [2026-05-18T23:03:23.095+0000] {dag.py:3823} INFO - Setting next_dagrun for etl_end_to_end_pipeline to 2026-05-18 00:00:00+00:00, run_after=2026-05-19 00:00:00+00:00
[2026-05-18T23:03:23.110+0000] {processor.py:183} INFO - Processing /opt/airflow/dags/etl_dag.py took 0.512 seconds
[2026-05-18T23:03:53.321+0000] {processor.py:161} INFO - Started process (PID=333) to work on /opt/airflow/dags/etl_dag.py
[2026-05-18T23:03:53.322+0000] {processor.py:830} INFO - Processing file /opt/airflow/dags/etl_dag.py for tasks to queue
[2026-05-18T23:03:53.323+0000] {logging_mixin.py:188} INFO - [2026-05-18T23:03:53.323+0000] {dagbag.py:538} INFO - Filling up the DagBag from /opt/airflow/dags/etl_dag.py
[2026-05-18T23:03:53.830+0000] {processor.py:840} INFO - DAG(s) 'etl_end_to_end_pipeline' retrieved from /opt/airflow/dags/etl_dag.py
[2026-05-18T23:03:53.855+0000] {logging_mixin.py:188} INFO - [2026-05-18T23:03:53.854+0000] {dag.py:3036} INFO - Sync 1 DAGs
[2026-05-18T23:03:53.873+0000] {logging_mixin.py:188} INFO - [2026-05-18T23:03:53.873+0000] {dag.py:3823} INFO - Setting next_dagrun for etl_end_to_end_pipeline to 2026-05-18 00:00:00+00:00, run_after=2026-05-19 00:00:00+00:00
[2026-05-18T23:03:53.892+0000] {processor.py:183} INFO - Processing /opt/airflow/dags/etl_dag.py took 0.575 seconds
[2026-05-18T23:04:24.076+0000] {processor.py:161} INFO - Started process (PID=345) to work on /opt/airflow/dags/etl_dag.py
[2026-05-18T23:04:24.078+0000] {processor.py:830} INFO - Processing file /opt/airflow/dags/etl_dag.py for tasks to queue
[2026-05-18T23:04:24.079+0000] {logging_mixin.py:188} INFO - [2026-05-18T23:04:24.078+0000] {dagbag.py:538} INFO - Filling up the DagBag from /opt/airflow/dags/etl_dag.py
[2026-05-18T23:04:24.595+0000] {processor.py:840} INFO - DAG(s) 'etl_end_to_end_pipeline' retrieved from /opt/airflow/dags/etl_dag.py
[2026-05-18T23:04:24.621+0000] {logging_mixin.py:188} INFO - [2026-05-18T23:04:24.620+0000] {dag.py:3036} INFO - Sync 1 DAGs
[2026-05-18T23:04:24.640+0000] {logging_mixin.py:188} INFO - [2026-05-18T23:04:24.640+0000] {dag.py:3823} INFO - Setting next_dagrun for etl_end_to_end_pipeline to 2026-05-18 00:00:00+00:00, run_after=2026-05-19 00:00:00+00:00
[2026-05-18T23:04:24.656+0000] {processor.py:183} INFO - Processing /opt/airflow/dags/etl_dag.py took 0.583 seconds
[2026-05-18T23:04:54.852+0000] {processor.py:161} INFO - Started process (PID=357) to work on /opt/airflow/dags/etl_dag.py
[2026-05-18T23:04:54.853+0000] {processor.py:830} INFO - Processing file /opt/airflow/dags/etl_dag.py for tasks to queue
[2026-05-18T23:04:54.854+0000] {logging_mixin.py:188} INFO - [2026-05-18T23:04:54.853+0000] {dagbag.py:538} INFO - Filling up the DagBag from /opt/airflow/dags/etl_dag.py
[2026-05-18T23:04:55.357+0000] {processor.py:840} INFO - DAG(s) 'etl_end_to_end_pipeline' retrieved from /opt/airflow/dags/etl_dag.py
[2026-05-18T23:04:55.386+0000] {logging_mixin.py:188} INFO - [2026-05-18T23:04:55.385+0000] {dag.py:3036} INFO - Sync 1 DAGs
[2026-05-18T23:04:55.404+0000] {logging_mixin.py:188} INFO - [2026-05-18T23:04:55.404+0000] {dag.py:3823} INFO - Setting next_dagrun for etl_end_to_end_pipeline to 2026-05-18 00:00:00+00:00, run_after=2026-05-19 00:00:00+00:00
[2026-05-18T23:04:55.420+0000] {processor.py:183} INFO - Processing /opt/airflow/dags/etl_dag.py took 0.571 seconds
[2026-05-18T23:05:25.606+0000] {processor.py:161} INFO - Started process (PID=386) to work on /opt/airflow/dags/etl_dag.py
[2026-05-18T23:05:25.607+0000] {processor.py:830} INFO - Processing file /opt/airflow/dags/etl_dag.py for tasks to queue
[2026-05-18T23:05:25.608+0000] {logging_mixin.py:188} INFO - [2026-05-18T23:05:25.608+0000] {dagbag.py:538} INFO - Filling up the DagBag from /opt/airflow/dags/etl_dag.py
[2026-05-18T23:05:26.113+0000] {processor.py:840} INFO - DAG(s) 'etl_end_to_end_pipeline' retrieved from /opt/airflow/dags/etl_dag.py
[2026-05-18T23:05:26.137+0000] {logging_mixin.py:188} INFO - [2026-05-18T23:05:26.137+0000] {dag.py:3036} INFO - Sync 1 DAGs
[2026-05-18T23:05:26.155+0000] {logging_mixin.py:188} INFO - [2026-05-18T23:05:26.155+0000] {dag.py:3823} INFO - Setting next_dagrun for etl_end_to_end_pipeline to 2026-05-18 00:00:00+00:00, run_after=2026-05-19 00:00:00+00:00
[2026-05-18T23:05:26.172+0000] {processor.py:183} INFO - Processing /opt/airflow/dags/etl_dag.py took 0.569 seconds
[2026-05-18T23:05:56.374+0000] {processor.py:161} INFO - Started process (PID=398) to work on /opt/airflow/dags/etl_dag.py
[2026-05-18T23:05:56.376+0000] {processor.py:830} INFO - Processing file /opt/airflow/dags/etl_dag.py for tasks to queue
[2026-05-18T23:05:56.377+0000] {logging_mixin.py:188} INFO - [2026-05-18T23:05:56.376+0000] {dagbag.py:538} INFO - Filling up the DagBag from /opt/airflow/dags/etl_dag.py
[2026-05-18T23:05:56.873+0000] {processor.py:840} INFO - DAG(s) 'etl_end_to_end_pipeline' retrieved from /opt/airflow/dags/etl_dag.py
[2026-05-18T23:05:56.898+0000] {logging_mixin.py:188} INFO - [2026-05-18T23:05:56.897+0000] {dag.py:3036} INFO - Sync 1 DAGs
[2026-05-18T23:05:56.915+0000] {logging_mixin.py:188} INFO - [2026-05-18T23:05:56.914+0000] {dag.py:3823} INFO - Setting next_dagrun for etl_end_to_end_pipeline to 2026-05-18 00:00:00+00:00, run_after=2026-05-19 00:00:00+00:00
[2026-05-18T23:05:56.930+0000] {processor.py:183} INFO - Processing /opt/airflow/dags/etl_dag.py took 0.559 seconds
[2026-05-18T23:06:27.120+0000] {processor.py:161} INFO - Started process (PID=410) to work on /opt/airflow/dags/etl_dag.py
[2026-05-18T23:06:27.121+0000] {processor.py:830} INFO - Processing file /opt/airflow/dags/etl_dag.py for tasks to queue
[2026-05-18T23:06:27.122+0000] {logging_mixin.py:188} INFO - [2026-05-18T23:06:27.121+0000] {dagbag.py:538} INFO - Filling up the DagBag from /opt/airflow/dags/etl_dag.py
[2026-05-18T23:06:27.630+0000] {processor.py:840} INFO - DAG(s) 'etl_end_to_end_pipeline' retrieved from /opt/airflow/dags/etl_dag.py
[2026-05-18T23:06:27.654+0000] {logging_mixin.py:188} INFO - [2026-05-18T23:06:27.653+0000] {dag.py:3036} INFO - Sync 1 DAGs
[2026-05-18T23:06:27.672+0000] {logging_mixin.py:188} INFO - [2026-05-18T23:06:27.672+0000] {dag.py:3823} INFO - Setting next_dagrun for etl_end_to_end_pipeline to 2026-05-18 00:00:00+00:00, run_after=2026-05-19 00:00:00+00:00
[2026-05-18T23:06:27.687+0000] {processor.py:183} INFO - Processing /opt/airflow/dags/etl_dag.py took 0.571 seconds
[2026-05-18T23:06:57.884+0000] {processor.py:161} INFO - Started process (PID=422) to work on /opt/airflow/dags/etl_dag.py
[2026-05-18T23:06:57.885+0000] {processor.py:830} INFO - Processing file /opt/airflow/dags/etl_dag.py for tasks to queue
[2026-05-18T23:06:57.886+0000] {logging_mixin.py:188} INFO - [2026-05-18T23:06:57.886+0000] {dagbag.py:538} INFO - Filling up the DagBag from /opt/airflow/dags/etl_dag.py
[2026-05-18T23:06:58.383+0000] {processor.py:840} INFO - DAG(s) 'etl_end_to_end_pipeline' retrieved from /opt/airflow/dags/etl_dag.py
[2026-05-18T23:06:58.413+0000] {logging_mixin.py:188} INFO - [2026-05-18T23:06:58.413+0000] {dag.py:3036} INFO - Sync 1 DAGs
[2026-05-18T23:06:58.435+0000] {logging_mixin.py:188} INFO - [2026-05-18T23:06:58.435+0000] {dag.py:3823} INFO - Setting next_dagrun for etl_end_to_end_pipeline to 2026-05-18 00:00:00+00:00, run_after=2026-05-19 00:00:00+00:00
[2026-05-18T23:06:58.452+0000] {processor.py:183} INFO - Processing /opt/airflow/dags/etl_dag.py took 0.572 seconds
[2026-05-18T23:07:28.640+0000] {processor.py:161} INFO - Started process (PID=434) to work on /opt/airflow/dags/etl_dag.py
[2026-05-18T23:07:28.641+0000] {processor.py:830} INFO - Processing file /opt/airflow/dags/etl_dag.py for tasks to queue
[2026-05-18T23:07:28.642+0000] {logging_mixin.py:188} INFO - [2026-05-18T23:07:28.641+0000] {dagbag.py:538} INFO - Filling up the DagBag from /opt/airflow/dags/etl_dag.py
[2026-05-18T23:07:29.132+0000] {processor.py:840} INFO - DAG(s) 'etl_end_to_end_pipeline' retrieved from /opt/airflow/dags/etl_dag.py
[2026-05-18T23:07:29.156+0000] {logging_mixin.py:188} INFO - [2026-05-18T23:07:29.156+0000] {dag.py:3036} INFO - Sync 1 DAGs
[2026-05-18T23:07:29.174+0000] {logging_mixin.py:188} INFO - [2026-05-18T23:07:29.174+0000] {dag.py:3823} INFO - Setting next_dagrun for etl_end_to_end_pipeline to 2026-05-18 00:00:00+00:00, run_after=2026-05-19 00:00:00+00:00
[2026-05-18T23:07:29.190+0000] {processor.py:183} INFO - Processing /opt/airflow/dags/etl_dag.py took 0.554 seconds
[2026-05-18T23:07:59.396+0000] {processor.py:161} INFO - Started process (PID=446) to work on /opt/airflow/dags/etl_dag.py
[2026-05-18T23:07:59.397+0000] {processor.py:830} INFO - Processing file /opt/airflow/dags/etl_dag.py for tasks to queue
[2026-05-18T23:07:59.398+0000] {logging_mixin.py:188} INFO - [2026-05-18T23:07:59.397+0000] {dagbag.py:538} INFO - Filling up the DagBag from /opt/airflow/dags/etl_dag.py
[2026-05-18T23:07:59.911+0000] {processor.py:840} INFO - DAG(s) 'etl_end_to_end_pipeline' retrieved from /opt/airflow/dags/etl_dag.py
[2026-05-18T23:07:59.937+0000] {logging_mixin.py:188} INFO - [2026-05-18T23:07:59.936+0000] {dag.py:3036} INFO - Sync 1 DAGs
[2026-05-18T23:07:59.956+0000] {logging_mixin.py:188} INFO - [2026-05-18T23:07:59.955+0000] {dag.py:3823} INFO - Setting next_dagrun for etl_end_to_end_pipeline to 2026-05-18 00:00:00+00:00, run_after=2026-05-19 00:00:00+00:00
[2026-05-18T23:07:59.976+0000] {processor.py:183} INFO - Processing /opt/airflow/dags/etl_dag.py took 0.584 seconds
[2026-05-18T23:08:30.159+0000] {processor.py:161} INFO - Started process (PID=458) to work on /opt/airflow/dags/etl_dag.py
[2026-05-18T23:08:30.160+0000] {processor.py:830} INFO - Processing file /opt/airflow/dags/etl_dag.py for tasks to queue
[2026-05-18T23:08:30.162+0000] {logging_mixin.py:188} INFO - [2026-05-18T23:08:30.161+0000] {dagbag.py:538} INFO - Filling up the DagBag from /opt/airflow/dags/etl_dag.py
[2026-05-18T23:08:30.705+0000] {processor.py:840} INFO - DAG(s) 'etl_end_to_end_pipeline' retrieved from /opt/airflow/dags/etl_dag.py
[2026-05-18T23:08:30.731+0000] {logging_mixin.py:188} INFO - [2026-05-18T23:08:30.730+0000] {dag.py:3036} INFO - Sync 1 DAGs
[2026-05-18T23:08:30.750+0000] {logging_mixin.py:188} INFO - [2026-05-18T23:08:30.750+0000] {dag.py:3823} INFO - Setting next_dagrun for etl_end_to_end_pipeline to 2026-05-18 00:00:00+00:00, run_after=2026-05-19 00:00:00+00:00
[2026-05-18T23:08:30.767+0000] {processor.py:183} INFO - Processing /opt/airflow/dags/etl_dag.py took 0.612 seconds
[2026-05-18T23:09:00.969+0000] {processor.py:161} INFO - Started process (PID=495) to work on /opt/airflow/dags/etl_dag.py
[2026-05-18T23:09:00.970+0000] {processor.py:830} INFO - Processing file /opt/airflow/dags/etl_dag.py for tasks to queue
[2026-05-18T23:09:00.971+0000] {logging_mixin.py:188} INFO - [2026-05-18T23:09:00.971+0000] {dagbag.py:538} INFO - Filling up the DagBag from /opt/airflow/dags/etl_dag.py
[2026-05-18T23:09:01.497+0000] {processor.py:840} INFO - DAG(s) 'etl_end_to_end_pipeline' retrieved from /opt/airflow/dags/etl_dag.py
[2026-05-18T23:09:01.523+0000] {logging_mixin.py:188} INFO - [2026-05-18T23:09:01.523+0000] {dag.py:3036} INFO - Sync 1 DAGs
[2026-05-18T23:09:01.543+0000] {logging_mixin.py:188} INFO - [2026-05-18T23:09:01.543+0000] {dag.py:3823} INFO - Setting next_dagrun for etl_end_to_end_pipeline to 2026-05-18 00:00:00+00:00, run_after=2026-05-19 00:00:00+00:00
[2026-05-18T23:09:01.563+0000] {processor.py:183} INFO - Processing /opt/airflow/dags/etl_dag.py took 0.597 seconds
[2026-05-18T23:09:31.752+0000] {processor.py:161} INFO - Started process (PID=552) to work on /opt/airflow/dags/etl_dag.py
[2026-05-18T23:09:31.753+0000] {processor.py:830} INFO - Processing file /opt/airflow/dags/etl_dag.py for tasks to queue
[2026-05-18T23:09:31.754+0000] {logging_mixin.py:188} INFO - [2026-05-18T23:09:31.753+0000] {dagbag.py:538} INFO - Filling up the DagBag from /opt/airflow/dags/etl_dag.py
[2026-05-18T23:09:32.269+0000] {processor.py:840} INFO - DAG(s) 'etl_end_to_end_pipeline' retrieved from /opt/airflow/dags/etl_dag.py
[2026-05-18T23:09:32.314+0000] {logging_mixin.py:188} INFO - [2026-05-18T23:09:32.314+0000] {dag.py:3036} INFO - Sync 1 DAGs
[2026-05-18T23:09:32.348+0000] {logging_mixin.py:188} INFO - [2026-05-18T23:09:32.348+0000] {dag.py:3823} INFO - Setting next_dagrun for etl_end_to_end_pipeline to 2026-05-18 00:00:00+00:00, run_after=2026-05-19 00:00:00+00:00
[2026-05-18T23:09:32.378+0000] {processor.py:183} INFO - Processing /opt/airflow/dags/etl_dag.py took 0.629 seconds
[2026-05-18T23:10:02.604+0000] {processor.py:161} INFO - Started process (PID=572) to work on /opt/airflow/dags/etl_dag.py
[2026-05-18T23:10:02.605+0000] {processor.py:830} INFO - Processing file /opt/airflow/dags/etl_dag.py for tasks to queue
[2026-05-18T23:10:02.606+0000] {logging_mixin.py:188} INFO - [2026-05-18T23:10:02.605+0000] {dagbag.py:538} INFO - Filling up the DagBag from /opt/airflow/dags/etl_dag.py
[2026-05-18T23:10:03.125+0000] {processor.py:840} INFO - DAG(s) 'etl_end_to_end_pipeline' retrieved from /opt/airflow/dags/etl_dag.py
[2026-05-18T23:10:03.149+0000] {logging_mixin.py:188} INFO - [2026-05-18T23:10:03.149+0000] {dag.py:3036} INFO - Sync 1 DAGs
[2026-05-18T23:10:03.166+0000] {logging_mixin.py:188} INFO - [2026-05-18T23:10:03.166+0000] {dag.py:3823} INFO - Setting next_dagrun for etl_end_to_end_pipeline to 2026-05-18 00:00:00+00:00, run_after=2026-05-19 00:00:00+00:00
[2026-05-18T23:10:03.188+0000] {processor.py:183} INFO - Processing /opt/airflow/dags/etl_dag.py took 0.588 seconds
[2026-05-18T23:10:33.408+0000] {processor.py:161} INFO - Started process (PID=641) to work on /opt/airflow/dags/etl_dag.py
[2026-05-18T23:10:33.414+0000] {processor.py:830} INFO - Processing file /opt/airflow/dags/etl_dag.py for tasks to queue
[2026-05-18T23:10:33.416+0000] {logging_mixin.py:188} INFO - [2026-05-18T23:10:33.415+0000] {dagbag.py:538} INFO - Filling up the DagBag from /opt/airflow/dags/etl_dag.py
[2026-05-18T23:10:33.971+0000] {processor.py:840} INFO - DAG(s) 'etl_end_to_end_pipeline' retrieved from /opt/airflow/dags/etl_dag.py
[2026-05-18T23:10:33.994+0000] {logging_mixin.py:188} INFO - [2026-05-18T23:10:33.994+0000] {dag.py:3036} INFO - Sync 1 DAGs
[2026-05-18T23:10:34.012+0000] {logging_mixin.py:188} INFO - [2026-05-18T23:10:34.011+0000] {dag.py:3823} INFO - Setting next_dagrun for etl_end_to_end_pipeline to 2026-05-18 00:00:00+00:00, run_after=2026-05-19 00:00:00+00:00
[2026-05-18T23:10:34.027+0000] {processor.py:183} INFO - Processing /opt/airflow/dags/etl_dag.py took 0.623 seconds
[2026-05-18T23:11:04.239+0000] {processor.py:161} INFO - Started process (PID=727) to work on /opt/airflow/dags/etl_dag.py
[2026-05-18T23:11:04.241+0000] {processor.py:830} INFO - Processing file /opt/airflow/dags/etl_dag.py for tasks to queue
[2026-05-18T23:11:04.242+0000] {logging_mixin.py:188} INFO - [2026-05-18T23:11:04.242+0000] {dagbag.py:538} INFO - Filling up the DagBag from /opt/airflow/dags/etl_dag.py
[2026-05-18T23:11:04.807+0000] {processor.py:840} INFO - DAG(s) 'etl_end_to_end_pipeline' retrieved from /opt/airflow/dags/etl_dag.py
[2026-05-18T23:11:04.834+0000] {logging_mixin.py:188} INFO - [2026-05-18T23:11:04.834+0000] {dag.py:3036} INFO - Sync 1 DAGs
[2026-05-18T23:11:04.854+0000] {logging_mixin.py:188} INFO - [2026-05-18T23:11:04.854+0000] {dag.py:3823} INFO - Setting next_dagrun for etl_end_to_end_pipeline to 2026-05-18 00:00:00+00:00, run_after=2026-05-19 00:00:00+00:00
[2026-05-18T23:11:04.870+0000] {processor.py:183} INFO - Processing /opt/airflow/dags/etl_dag.py took 0.636 seconds
[2026-05-18T23:11:35.078+0000] {processor.py:161} INFO - Started process (PID=748) to work on /opt/airflow/dags/etl_dag.py
[2026-05-18T23:11:35.080+0000] {processor.py:830} INFO - Processing file /opt/airflow/dags/etl_dag.py for tasks to queue
[2026-05-18T23:11:35.081+0000] {logging_mixin.py:188} INFO - [2026-05-18T23:11:35.081+0000] {dagbag.py:538} INFO - Filling up the DagBag from /opt/airflow/dags/etl_dag.py
[2026-05-18T23:11:35.758+0000] {processor.py:840} INFO - DAG(s) 'etl_end_to_end_pipeline' retrieved from /opt/airflow/dags/etl_dag.py
[2026-05-18T23:11:35.788+0000] {logging_mixin.py:188} INFO - [2026-05-18T23:11:35.788+0000] {dag.py:3036} INFO - Sync 1 DAGs
[2026-05-18T23:11:35.808+0000] {logging_mixin.py:188} INFO - [2026-05-18T23:11:35.808+0000] {dag.py:3823} INFO - Setting next_dagrun for etl_end_to_end_pipeline to 2026-05-18 00:00:00+00:00, run_after=2026-05-19 00:00:00+00:00
[2026-05-18T23:11:35.829+0000] {processor.py:183} INFO - Processing /opt/airflow/dags/etl_dag.py took 0.758 seconds
[2026-05-18T23:12:06.067+0000] {processor.py:161} INFO - Started process (PID=851) to work on /opt/airflow/dags/etl_dag.py
[2026-05-18T23:12:06.070+0000] {processor.py:830} INFO - Processing file /opt/airflow/dags/etl_dag.py for tasks to queue
[2026-05-18T23:12:06.072+0000] {logging_mixin.py:188} INFO - [2026-05-18T23:12:06.072+0000] {dagbag.py:538} INFO - Filling up the DagBag from /opt/airflow/dags/etl_dag.py
[2026-05-18T23:12:06.805+0000] {processor.py:840} INFO - DAG(s) 'etl_end_to_end_pipeline' retrieved from /opt/airflow/dags/etl_dag.py
[2026-05-18T23:12:06.828+0000] {logging_mixin.py:188} INFO - [2026-05-18T23:12:06.828+0000] {dag.py:3036} INFO - Sync 1 DAGs
[2026-05-18T23:12:06.847+0000] {logging_mixin.py:188} INFO - [2026-05-18T23:12:06.847+0000] {dag.py:3823} INFO - Setting next_dagrun for etl_end_to_end_pipeline to 2026-05-18 00:00:00+00:00, run_after=2026-05-19 00:00:00+00:00
[2026-05-18T23:12:06.866+0000] {processor.py:183} INFO - Processing /opt/airflow/dags/etl_dag.py took 0.812 seconds
[2026-05-18T23:12:34.057+0000] {processor.py:161} INFO - Started process (PID=952) to work on /opt/airflow/dags/etl_dag.py
[2026-05-18T23:12:34.058+0000] {processor.py:830} INFO - Processing file /opt/airflow/dags/etl_dag.py for tasks to queue
[2026-05-18T23:12:34.059+0000] {logging_mixin.py:188} INFO - [2026-05-18T23:12:34.058+0000] {dagbag.py:538} INFO - Filling up the DagBag from /opt/airflow/dags/etl_dag.py
[2026-05-18T23:12:34.530+0000] {processor.py:840} INFO - DAG(s) 'etl_end_to_end_pipeline' retrieved from /opt/airflow/dags/etl_dag.py
[2026-05-18T23:12:34.552+0000] {logging_mixin.py:188} INFO - [2026-05-18T23:12:34.552+0000] {dag.py:3036} INFO - Sync 1 DAGs
[2026-05-18T23:12:34.570+0000] {logging_mixin.py:188} INFO - [2026-05-18T23:12:34.570+0000] {dag.py:3823} INFO - Setting next_dagrun for etl_end_to_end_pipeline to 2026-05-18 00:00:00+00:00, run_after=2026-05-19 00:00:00+00:00
[2026-05-18T23:12:34.589+0000] {processor.py:183} INFO - Processing /opt/airflow/dags/etl_dag.py took 0.535 seconds
[2026-05-18T23:12:43.120+0000] {processor.py:161} INFO - Started process (PID=964) to work on /opt/airflow/dags/etl_dag.py
[2026-05-18T23:12:43.121+0000] {processor.py:830} INFO - Processing file /opt/airflow/dags/etl_dag.py for tasks to queue
[2026-05-18T23:12:43.122+0000] {logging_mixin.py:188} INFO - [2026-05-18T23:12:43.122+0000] {dagbag.py:538} INFO - Filling up the DagBag from /opt/airflow/dags/etl_dag.py
[2026-05-18T23:12:43.680+0000] {processor.py:840} INFO - DAG(s) 'etl_end_to_end_pipeline' retrieved from /opt/airflow/dags/etl_dag.py
[2026-05-18T23:12:43.706+0000] {logging_mixin.py:188} INFO - [2026-05-18T23:12:43.705+0000] {dag.py:3036} INFO - Sync 1 DAGs
[2026-05-18T23:12:43.724+0000] {logging_mixin.py:188} INFO - [2026-05-18T23:12:43.723+0000] {dag.py:3823} INFO - Setting next_dagrun for etl_end_to_end_pipeline to 2026-05-18 00:00:00+00:00, run_after=2026-05-19 00:00:00+00:00
[2026-05-18T23:12:43.743+0000] {processor.py:183} INFO - Processing /opt/airflow/dags/etl_dag.py took 0.628 seconds
[2026-05-18T23:13:13.847+0000] {processor.py:161} INFO - Started process (PID=1073) to work on /opt/airflow/dags/etl_dag.py
[2026-05-18T23:13:13.848+0000] {processor.py:830} INFO - Processing file /opt/airflow/dags/etl_dag.py for tasks to queue
[2026-05-18T23:13:13.849+0000] {logging_mixin.py:188} INFO - [2026-05-18T23:13:13.849+0000] {dagbag.py:538} INFO - Filling up the DagBag from /opt/airflow/dags/etl_dag.py
[2026-05-18T23:13:14.327+0000] {processor.py:840} INFO - DAG(s) 'etl_end_to_end_pipeline' retrieved from /opt/airflow/dags/etl_dag.py
[2026-05-18T23:13:14.353+0000] {logging_mixin.py:188} INFO - [2026-05-18T23:13:14.353+0000] {dag.py:3036} INFO - Sync 1 DAGs
[2026-05-18T23:13:14.373+0000] {logging_mixin.py:188} INFO - [2026-05-18T23:13:14.372+0000] {dag.py:3823} INFO - Setting next_dagrun for etl_end_to_end_pipeline to 2026-05-18 00:00:00+00:00, run_after=2026-05-19 00:00:00+00:00
[2026-05-18T23:13:14.390+0000] {processor.py:183} INFO - Processing /opt/airflow/dags/etl_dag.py took 0.546 seconds
[2026-05-18T23:13:44.598+0000] {processor.py:161} INFO - Started process (PID=1085) to work on /opt/airflow/dags/etl_dag.py
[2026-05-18T23:13:44.600+0000] {processor.py:830} INFO - Processing file /opt/airflow/dags/etl_dag.py for tasks to queue
[2026-05-18T23:13:44.601+0000] {logging_mixin.py:188} INFO - [2026-05-18T23:13:44.600+0000] {dagbag.py:538} INFO - Filling up the DagBag from /opt/airflow/dags/etl_dag.py
[2026-05-18T23:13:45.219+0000] {processor.py:840} INFO - DAG(s) 'etl_end_to_end_pipeline' retrieved from /opt/airflow/dags/etl_dag.py
[2026-05-18T23:13:45.245+0000] {logging_mixin.py:188} INFO - [2026-05-18T23:13:45.245+0000] {dag.py:3036} INFO - Sync 1 DAGs
[2026-05-18T23:13:45.263+0000] {logging_mixin.py:188} INFO - [2026-05-18T23:13:45.263+0000] {dag.py:3823} INFO - Setting next_dagrun for etl_end_to_end_pipeline to 2026-05-18 00:00:00+00:00, run_after=2026-05-19 00:00:00+00:00
[2026-05-18T23:13:45.279+0000] {processor.py:183} INFO - Processing /opt/airflow/dags/etl_dag.py took 0.685 seconds
[2026-05-18T23:14:15.472+0000] {processor.py:161} INFO - Started process (PID=1177) to work on /opt/airflow/dags/etl_dag.py
[2026-05-18T23:14:15.473+0000] {processor.py:830} INFO - Processing file /opt/airflow/dags/etl_dag.py for tasks to queue
[2026-05-18T23:14:15.474+0000] {logging_mixin.py:188} INFO - [2026-05-18T23:14:15.474+0000] {dagbag.py:538} INFO - Filling up the DagBag from /opt/airflow/dags/etl_dag.py
[2026-05-18T23:14:16.044+0000] {processor.py:840} INFO - DAG(s) 'etl_end_to_end_pipeline' retrieved from /opt/airflow/dags/etl_dag.py
[2026-05-18T23:14:16.084+0000] {logging_mixin.py:188} INFO - [2026-05-18T23:14:16.084+0000] {dag.py:3036} INFO - Sync 1 DAGs
[2026-05-18T23:14:16.112+0000] {logging_mixin.py:188} INFO - [2026-05-18T23:14:16.112+0000] {dag.py:3823} INFO - Setting next_dagrun for etl_end_to_end_pipeline to 2026-05-18 00:00:00+00:00, run_after=2026-05-19 00:00:00+00:00
[2026-05-18T23:14:16.135+0000] {processor.py:183} INFO - Processing /opt/airflow/dags/etl_dag.py took 0.667 seconds
[2026-05-18T23:14:46.399+0000] {processor.py:161} INFO - Started process (PID=1253) to work on /opt/airflow/dags/etl_dag.py
[2026-05-18T23:14:46.403+0000] {processor.py:830} INFO - Processing file /opt/airflow/dags/etl_dag.py for tasks to queue
[2026-05-18T23:14:46.406+0000] {logging_mixin.py:188} INFO - [2026-05-18T23:14:46.405+0000] {dagbag.py:538} INFO - Filling up the DagBag from /opt/airflow/dags/etl_dag.py
[2026-05-18T23:14:47.171+0000] {processor.py:840} INFO - DAG(s) 'etl_end_to_end_pipeline' retrieved from /opt/airflow/dags/etl_dag.py
[2026-05-18T23:14:47.204+0000] {logging_mixin.py:188} INFO - [2026-05-18T23:14:47.204+0000] {dag.py:3036} INFO - Sync 1 DAGs
[2026-05-18T23:14:47.234+0000] {logging_mixin.py:188} INFO - [2026-05-18T23:14:47.234+0000] {dag.py:3823} INFO - Setting next_dagrun for etl_end_to_end_pipeline to 2026-05-18 00:00:00+00:00, run_after=2026-05-19 00:00:00+00:00
[2026-05-18T23:14:47.269+0000] {processor.py:183} INFO - Processing /opt/airflow/dags/etl_dag.py took 0.881 seconds
[2026-05-18T23:15:17.497+0000] {processor.py:161} INFO - Started process (PID=1417) to work on /opt/airflow/dags/etl_dag.py
[2026-05-18T23:15:17.498+0000] {processor.py:830} INFO - Processing file /opt/airflow/dags/etl_dag.py for tasks to queue
[2026-05-18T23:15:17.499+0000] {logging_mixin.py:188} INFO - [2026-05-18T23:15:17.499+0000] {dagbag.py:538} INFO - Filling up the DagBag from /opt/airflow/dags/etl_dag.py
[2026-05-18T23:15:17.998+0000] {processor.py:840} INFO - DAG(s) 'etl_end_to_end_pipeline' retrieved from /opt/airflow/dags/etl_dag.py
[2026-05-18T23:15:18.026+0000] {logging_mixin.py:188} INFO - [2026-05-18T23:15:18.025+0000] {dag.py:3036} INFO - Sync 1 DAGs
[2026-05-18T23:15:18.046+0000] {logging_mixin.py:188} INFO - [2026-05-18T23:15:18.045+0000] {dag.py:3823} INFO - Setting next_dagrun for etl_end_to_end_pipeline to 2026-05-18 00:00:00+00:00, run_after=2026-05-19 00:00:00+00:00
[2026-05-18T23:15:18.064+0000] {processor.py:183} INFO - Processing /opt/airflow/dags/etl_dag.py took 0.570 seconds
[2026-05-18T23:15:48.258+0000] {processor.py:161} INFO - Started process (PID=1429) to work on /opt/airflow/dags/etl_dag.py
[2026-05-18T23:15:48.259+0000] {processor.py:830} INFO - Processing file /opt/airflow/dags/etl_dag.py for tasks to queue
[2026-05-18T23:15:48.260+0000] {logging_mixin.py:188} INFO - [2026-05-18T23:15:48.260+0000] {dagbag.py:538} INFO - Filling up the DagBag from /opt/airflow/dags/etl_dag.py
[2026-05-18T23:15:48.784+0000] {processor.py:840} INFO - DAG(s) 'etl_end_to_end_pipeline' retrieved from /opt/airflow/dags/etl_dag.py
[2026-05-18T23:15:48.811+0000] {logging_mixin.py:188} INFO - [2026-05-18T23:15:48.810+0000] {dag.py:3036} INFO - Sync 1 DAGs
[2026-05-18T23:15:48.829+0000] {logging_mixin.py:188} INFO - [2026-05-18T23:15:48.829+0000] {dag.py:3823} INFO - Setting next_dagrun for etl_end_to_end_pipeline to 2026-05-18 00:00:00+00:00, run_after=2026-05-19 00:00:00+00:00
[2026-05-18T23:15:48.848+0000] {processor.py:183} INFO - Processing /opt/airflow/dags/etl_dag.py took 0.594 seconds
[2026-05-18T23:16:14.044+0000] {processor.py:161} INFO - Started process (PID=1441) to work on /opt/airflow/dags/etl_dag.py
[2026-05-18T23:16:14.046+0000] {processor.py:830} INFO - Processing file /opt/airflow/dags/etl_dag.py for tasks to queue
[2026-05-18T23:16:14.047+0000] {logging_mixin.py:188} INFO - [2026-05-18T23:16:14.046+0000] {dagbag.py:538} INFO - Filling up the DagBag from /opt/airflow/dags/etl_dag.py
[2026-05-18T23:16:14.567+0000] {processor.py:840} INFO - DAG(s) 'etl_end_to_end_pipeline' retrieved from /opt/airflow/dags/etl_dag.py
[2026-05-18T23:16:14.592+0000] {logging_mixin.py:188} INFO - [2026-05-18T23:16:14.591+0000] {dag.py:3036} INFO - Sync 1 DAGs
[2026-05-18T23:16:14.610+0000] {logging_mixin.py:188} INFO - [2026-05-18T23:16:14.610+0000] {dag.py:3823} INFO - Setting next_dagrun for etl_end_to_end_pipeline to 2026-05-18 00:00:00+00:00, run_after=2026-05-19 00:00:00+00:00
[2026-05-18T23:16:14.631+0000] {processor.py:183} INFO - Processing /opt/airflow/dags/etl_dag.py took 0.591 seconds
[2026-05-18T23:16:15.399+0000] {processor.py:161} INFO - Started process (PID=1447) to work on /opt/airflow/dags/etl_dag.py
[2026-05-18T23:16:15.400+0000] {processor.py:830} INFO - Processing file /opt/airflow/dags/etl_dag.py for tasks to queue
[2026-05-18T23:16:15.400+0000] {logging_mixin.py:188} INFO - [2026-05-18T23:16:15.400+0000] {dagbag.py:538} INFO - Filling up the DagBag from /opt/airflow/dags/etl_dag.py
[2026-05-18T23:16:15.874+0000] {processor.py:840} INFO - DAG(s) 'etl_end_to_end_pipeline' retrieved from /opt/airflow/dags/etl_dag.py
[2026-05-18T23:16:15.897+0000] {logging_mixin.py:188} INFO - [2026-05-18T23:16:15.897+0000] {dag.py:3036} INFO - Sync 1 DAGs
[2026-05-18T23:16:15.915+0000] {logging_mixin.py:188} INFO - [2026-05-18T23:16:15.915+0000] {dag.py:3823} INFO - Setting next_dagrun for etl_end_to_end_pipeline to 2026-05-18 00:00:00+00:00, run_after=2026-05-19 00:00:00+00:00
[2026-05-18T23:16:15.936+0000] {processor.py:183} INFO - Processing /opt/airflow/dags/etl_dag.py took 0.540 seconds
[2026-05-18T23:16:45.640+0000] {processor.py:161} INFO - Started process (PID=223) to work on /opt/airflow/dags/etl_dag.py
[2026-05-18T23:16:45.642+0000] {processor.py:830} INFO - Processing file /opt/airflow/dags/etl_dag.py for tasks to queue
[2026-05-18T23:16:45.643+0000] {logging_mixin.py:188} INFO - [2026-05-18T23:16:45.643+0000] {dagbag.py:538} INFO - Filling up the DagBag from /opt/airflow/dags/etl_dag.py
[2026-05-18T23:16:46.142+0000] {processor.py:840} INFO - DAG(s) 'etl_end_to_end_pipeline' retrieved from /opt/airflow/dags/etl_dag.py
[2026-05-18T23:16:46.288+0000] {logging_mixin.py:188} INFO - [2026-05-18T23:16:46.288+0000] {dag.py:3036} INFO - Sync 1 DAGs
[2026-05-18T23:16:46.312+0000] {logging_mixin.py:188} INFO - [2026-05-18T23:16:46.312+0000] {dag.py:3823} INFO - Setting next_dagrun for etl_end_to_end_pipeline to 2026-05-18 00:00:00+00:00, run_after=2026-05-19 00:00:00+00:00
[2026-05-18T23:16:46.339+0000] {processor.py:183} INFO - Processing /opt/airflow/dags/etl_dag.py took 0.702 seconds
[2026-05-18T23:17:16.557+0000] {processor.py:161} INFO - Started process (PID=286) to work on /opt/airflow/dags/etl_dag.py
[2026-05-18T23:17:16.558+0000] {processor.py:830} INFO - Processing file /opt/airflow/dags/etl_dag.py for tasks to queue
[2026-05-18T23:17:16.559+0000] {logging_mixin.py:188} INFO - [2026-05-18T23:17:16.558+0000] {dagbag.py:538} INFO - Filling up the DagBag from /opt/airflow/dags/etl_dag.py
[2026-05-18T23:17:17.104+0000] {processor.py:840} INFO - DAG(s) 'etl_end_to_end_pipeline' retrieved from /opt/airflow/dags/etl_dag.py
[2026-05-18T23:17:17.128+0000] {logging_mixin.py:188} INFO - [2026-05-18T23:17:17.128+0000] {dag.py:3036} INFO - Sync 1 DAGs
[2026-05-18T23:17:17.146+0000] {logging_mixin.py:188} INFO - [2026-05-18T23:17:17.146+0000] {dag.py:3823} INFO - Setting next_dagrun for etl_end_to_end_pipeline to 2026-05-18 00:00:00+00:00, run_after=2026-05-19 00:00:00+00:00
[2026-05-18T23:17:17.164+0000] {processor.py:183} INFO - Processing /opt/airflow/dags/etl_dag.py took 0.611 seconds
[2026-05-18T23:19:01.485+0000] {processor.py:161} INFO - Started process (PID=234) to work on /opt/airflow/dags/etl_dag.py
[2026-05-18T23:19:01.486+0000] {processor.py:830} INFO - Processing file /opt/airflow/dags/etl_dag.py for tasks to queue
[2026-05-18T23:19:01.487+0000] {logging_mixin.py:188} INFO - [2026-05-18T23:19:01.487+0000] {dagbag.py:538} INFO - Filling up the DagBag from /opt/airflow/dags/etl_dag.py
[2026-05-18T23:19:02.981+0000] {processor.py:840} INFO - DAG(s) 'etl_end_to_end_pipeline' retrieved from /opt/airflow/dags/etl_dag.py
[2026-05-18T23:19:03.194+0000] {logging_mixin.py:188} INFO - [2026-05-18T23:19:03.194+0000] {override.py:1769} INFO - Created Permission View: can delete on DAG:etl_end_to_end_pipeline
[2026-05-18T23:19:03.203+0000] {logging_mixin.py:188} INFO - [2026-05-18T23:19:03.203+0000] {override.py:1769} INFO - Created Permission View: can read on DAG:etl_end_to_end_pipeline
[2026-05-18T23:19:03.209+0000] {logging_mixin.py:188} INFO - [2026-05-18T23:19:03.209+0000] {override.py:1769} INFO - Created Permission View: can edit on DAG:etl_end_to_end_pipeline
[2026-05-18T23:19:03.210+0000] {logging_mixin.py:188} INFO - [2026-05-18T23:19:03.209+0000] {dag.py:3036} INFO - Sync 1 DAGs
[2026-05-18T23:19:03.219+0000] {logging_mixin.py:188} INFO - [2026-05-18T23:19:03.218+0000] {dag.py:3058} INFO - Creating ORM DAG for etl_end_to_end_pipeline
[2026-05-18T23:19:03.227+0000] {logging_mixin.py:188} INFO - [2026-05-18T23:19:03.227+0000] {dag.py:3823} INFO - Setting next_dagrun for etl_end_to_end_pipeline to 2026-05-17 00:00:00+00:00, run_after=2026-05-18 00:00:00+00:00
[2026-05-18T23:19:03.248+0000] {processor.py:183} INFO - Processing /opt/airflow/dags/etl_dag.py took 1.767 seconds
[2026-05-18T23:19:33.479+0000] {processor.py:161} INFO - Started process (PID=252) to work on /opt/airflow/dags/etl_dag.py
[2026-05-18T23:19:33.481+0000] {processor.py:830} INFO - Processing file /opt/airflow/dags/etl_dag.py for tasks to queue
[2026-05-18T23:19:33.483+0000] {logging_mixin.py:188} INFO - [2026-05-18T23:19:33.482+0000] {dagbag.py:538} INFO - Filling up the DagBag from /opt/airflow/dags/etl_dag.py
[2026-05-18T23:19:34.045+0000] {processor.py:840} INFO - DAG(s) 'etl_end_to_end_pipeline' retrieved from /opt/airflow/dags/etl_dag.py
[2026-05-18T23:19:34.073+0000] {logging_mixin.py:188} INFO - [2026-05-18T23:19:34.072+0000] {dag.py:3036} INFO - Sync 1 DAGs
[2026-05-18T23:19:34.091+0000] {logging_mixin.py:188} INFO - [2026-05-18T23:19:34.091+0000] {dag.py:3823} INFO - Setting next_dagrun for etl_end_to_end_pipeline to 2026-05-17 00:00:00+00:00, run_after=2026-05-18 00:00:00+00:00
[2026-05-18T23:19:34.107+0000] {processor.py:183} INFO - Processing /opt/airflow/dags/etl_dag.py took 0.636 seconds
[2026-05-18T23:20:04.319+0000] {processor.py:161} INFO - Started process (PID=396) to work on /opt/airflow/dags/etl_dag.py
[2026-05-18T23:20:04.320+0000] {processor.py:830} INFO - Processing file /opt/airflow/dags/etl_dag.py for tasks to queue
[2026-05-18T23:20:04.321+0000] {logging_mixin.py:188} INFO - [2026-05-18T23:20:04.321+0000] {dagbag.py:538} INFO - Filling up the DagBag from /opt/airflow/dags/etl_dag.py
[2026-05-18T23:20:04.801+0000] {processor.py:840} INFO - DAG(s) 'etl_end_to_end_pipeline' retrieved from /opt/airflow/dags/etl_dag.py
[2026-05-18T23:20:04.825+0000] {logging_mixin.py:188} INFO - [2026-05-18T23:20:04.824+0000] {dag.py:3036} INFO - Sync 1 DAGs
[2026-05-18T23:20:04.841+0000] {logging_mixin.py:188} INFO - [2026-05-18T23:20:04.841+0000] {dag.py:3823} INFO - Setting next_dagrun for etl_end_to_end_pipeline to 2026-05-18 00:00:00+00:00, run_after=2026-05-19 00:00:00+00:00
[2026-05-18T23:20:04.858+0000] {processor.py:183} INFO - Processing /opt/airflow/dags/etl_dag.py took 0.542 seconds
[2026-05-18T23:20:34.980+0000] {processor.py:161} INFO - Started process (PID=408) to work on /opt/airflow/dags/etl_dag.py
[2026-05-18T23:20:34.982+0000] {processor.py:830} INFO - Processing file /opt/airflow/dags/etl_dag.py for tasks to queue
[2026-05-18T23:20:34.983+0000] {logging_mixin.py:188} INFO - [2026-05-18T23:20:34.982+0000] {dagbag.py:538} INFO - Filling up the DagBag from /opt/airflow/dags/etl_dag.py
[2026-05-18T23:20:35.516+0000] {processor.py:840} INFO - DAG(s) 'etl_end_to_end_pipeline' retrieved from /opt/airflow/dags/etl_dag.py
[2026-05-18T23:20:35.542+0000] {logging_mixin.py:188} INFO - [2026-05-18T23:20:35.542+0000] {dag.py:3036} INFO - Sync 1 DAGs
[2026-05-18T23:20:35.561+0000] {logging_mixin.py:188} INFO - [2026-05-18T23:20:35.561+0000] {dag.py:3823} INFO - Setting next_dagrun for etl_end_to_end_pipeline to 2026-05-18 00:00:00+00:00, run_after=2026-05-19 00:00:00+00:00
[2026-05-18T23:20:35.585+0000] {processor.py:183} INFO - Processing /opt/airflow/dags/etl_dag.py took 0.608 seconds
[2026-05-18T23:21:05.806+0000] {processor.py:161} INFO - Started process (PID=420) to work on /opt/airflow/dags/etl_dag.py
[2026-05-18T23:21:05.808+0000] {processor.py:830} INFO - Processing file /opt/airflow/dags/etl_dag.py for tasks to queue
[2026-05-18T23:21:05.810+0000] {logging_mixin.py:188} INFO - [2026-05-18T23:21:05.809+0000] {dagbag.py:538} INFO - Filling up the DagBag from /opt/airflow/dags/etl_dag.py
[2026-05-18T23:21:06.441+0000] {processor.py:840} INFO - DAG(s) 'etl_end_to_end_pipeline' retrieved from /opt/airflow/dags/etl_dag.py
[2026-05-18T23:21:06.467+0000] {logging_mixin.py:188} INFO - [2026-05-18T23:21:06.467+0000] {dag.py:3036} INFO - Sync 1 DAGs
[2026-05-18T23:21:06.487+0000] {logging_mixin.py:188} INFO - [2026-05-18T23:21:06.487+0000] {dag.py:3823} INFO - Setting next_dagrun for etl_end_to_end_pipeline to 2026-05-18 00:00:00+00:00, run_after=2026-05-19 00:00:00+00:00
[2026-05-18T23:21:06.506+0000] {processor.py:183} INFO - Processing /opt/airflow/dags/etl_dag.py took 0.703 seconds
[2026-05-18T23:21:36.708+0000] {processor.py:161} INFO - Started process (PID=432) to work on /opt/airflow/dags/etl_dag.py
[2026-05-18T23:21:36.709+0000] {processor.py:830} INFO - Processing file /opt/airflow/dags/etl_dag.py for tasks to queue
[2026-05-18T23:21:36.710+0000] {logging_mixin.py:188} INFO - [2026-05-18T23:21:36.710+0000] {dagbag.py:538} INFO - Filling up the DagBag from /opt/airflow/dags/etl_dag.py
[2026-05-18T23:21:37.233+0000] {processor.py:840} INFO - DAG(s) 'etl_end_to_end_pipeline' retrieved from /opt/airflow/dags/etl_dag.py
[2026-05-18T23:21:37.257+0000] {logging_mixin.py:188} INFO - [2026-05-18T23:21:37.257+0000] {dag.py:3036} INFO - Sync 1 DAGs
[2026-05-18T23:21:37.274+0000] {logging_mixin.py:188} INFO - [2026-05-18T23:21:37.274+0000] {dag.py:3823} INFO - Setting next_dagrun for etl_end_to_end_pipeline to 2026-05-18 00:00:00+00:00, run_after=2026-05-19 00:00:00+00:00
[2026-05-18T23:21:37.290+0000] {processor.py:183} INFO - Processing /opt/airflow/dags/etl_dag.py took 0.588 seconds
[2026-05-18T23:22:07.491+0000] {processor.py:161} INFO - Started process (PID=483) to work on /opt/airflow/dags/etl_dag.py
[2026-05-18T23:22:07.492+0000] {processor.py:830} INFO - Processing file /opt/airflow/dags/etl_dag.py for tasks to queue
[2026-05-18T23:22:07.493+0000] {logging_mixin.py:188} INFO - [2026-05-18T23:22:07.493+0000] {dagbag.py:538} INFO - Filling up the DagBag from /opt/airflow/dags/etl_dag.py
[2026-05-18T23:22:08.016+0000] {processor.py:840} INFO - DAG(s) 'etl_end_to_end_pipeline' retrieved from /opt/airflow/dags/etl_dag.py
[2026-05-18T23:22:08.043+0000] {logging_mixin.py:188} INFO - [2026-05-18T23:22:08.042+0000] {dag.py:3036} INFO - Sync 1 DAGs
[2026-05-18T23:22:08.063+0000] {logging_mixin.py:188} INFO - [2026-05-18T23:22:08.063+0000] {dag.py:3823} INFO - Setting next_dagrun for etl_end_to_end_pipeline to 2026-05-18 00:00:00+00:00, run_after=2026-05-19 00:00:00+00:00
[2026-05-18T23:22:08.081+0000] {processor.py:183} INFO - Processing /opt/airflow/dags/etl_dag.py took 0.594 seconds
[2026-05-18T23:22:38.283+0000] {processor.py:161} INFO - Started process (PID=495) to work on /opt/airflow/dags/etl_dag.py
[2026-05-18T23:22:38.285+0000] {processor.py:830} INFO - Processing file /opt/airflow/dags/etl_dag.py for tasks to queue
[2026-05-18T23:22:38.286+0000] {logging_mixin.py:188} INFO - [2026-05-18T23:22:38.285+0000] {dagbag.py:538} INFO - Filling up the DagBag from /opt/airflow/dags/etl_dag.py
[2026-05-18T23:22:38.808+0000] {processor.py:840} INFO - DAG(s) 'etl_end_to_end_pipeline' retrieved from /opt/airflow/dags/etl_dag.py
[2026-05-18T23:22:38.835+0000] {logging_mixin.py:188} INFO - [2026-05-18T23:22:38.835+0000] {dag.py:3036} INFO - Sync 1 DAGs
[2026-05-18T23:22:38.855+0000] {logging_mixin.py:188} INFO - [2026-05-18T23:22:38.854+0000] {dag.py:3823} INFO - Setting next_dagrun for etl_end_to_end_pipeline to 2026-05-18 00:00:00+00:00, run_after=2026-05-19 00:00:00+00:00
[2026-05-18T23:22:38.872+0000] {processor.py:183} INFO - Processing /opt/airflow/dags/etl_dag.py took 0.593 seconds
[2026-05-18T23:23:09.100+0000] {processor.py:161} INFO - Started process (PID=507) to work on /opt/airflow/dags/etl_dag.py
[2026-05-18T23:23:09.101+0000] {processor.py:830} INFO - Processing file /opt/airflow/dags/etl_dag.py for tasks to queue
[2026-05-18T23:23:09.102+0000] {logging_mixin.py:188} INFO - [2026-05-18T23:23:09.102+0000] {dagbag.py:538} INFO - Filling up the DagBag from /opt/airflow/dags/etl_dag.py
[2026-05-18T23:23:09.729+0000] {processor.py:840} INFO - DAG(s) 'etl_end_to_end_pipeline' retrieved from /opt/airflow/dags/etl_dag.py
[2026-05-18T23:23:09.761+0000] {logging_mixin.py:188} INFO - [2026-05-18T23:23:09.761+0000] {dag.py:3036} INFO - Sync 1 DAGs
[2026-05-18T23:23:09.782+0000] {logging_mixin.py:188} INFO - [2026-05-18T23:23:09.782+0000] {dag.py:3823} INFO - Setting next_dagrun for etl_end_to_end_pipeline to 2026-05-18 00:00:00+00:00, run_after=2026-05-19 00:00:00+00:00
[2026-05-18T23:23:09.799+0000] {processor.py:183} INFO - Processing /opt/airflow/dags/etl_dag.py took 0.704 seconds
[2026-05-18T23:23:40.001+0000] {processor.py:161} INFO - Started process (PID=519) to work on /opt/airflow/dags/etl_dag.py
[2026-05-18T23:23:40.002+0000] {processor.py:830} INFO - Processing file /opt/airflow/dags/etl_dag.py for tasks to queue
[2026-05-18T23:23:40.003+0000] {logging_mixin.py:188} INFO - [2026-05-18T23:23:40.003+0000] {dagbag.py:538} INFO - Filling up the DagBag from /opt/airflow/dags/etl_dag.py
[2026-05-18T23:23:40.518+0000] {processor.py:840} INFO - DAG(s) 'etl_end_to_end_pipeline' retrieved from /opt/airflow/dags/etl_dag.py
[2026-05-18T23:23:40.545+0000] {logging_mixin.py:188} INFO - [2026-05-18T23:23:40.545+0000] {dag.py:3036} INFO - Sync 1 DAGs
[2026-05-18T23:23:40.563+0000] {logging_mixin.py:188} INFO - [2026-05-18T23:23:40.562+0000] {dag.py:3823} INFO - Setting next_dagrun for etl_end_to_end_pipeline to 2026-05-18 00:00:00+00:00, run_after=2026-05-19 00:00:00+00:00
[2026-05-18T23:23:40.578+0000] {processor.py:183} INFO - Processing /opt/airflow/dags/etl_dag.py took 0.580 seconds
[2026-05-18T23:24:10.787+0000] {processor.py:161} INFO - Started process (PID=531) to work on /opt/airflow/dags/etl_dag.py
[2026-05-18T23:24:10.788+0000] {processor.py:830} INFO - Processing file /opt/airflow/dags/etl_dag.py for tasks to queue
[2026-05-18T23:24:10.790+0000] {logging_mixin.py:188} INFO - [2026-05-18T23:24:10.789+0000] {dagbag.py:538} INFO - Filling up the DagBag from /opt/airflow/dags/etl_dag.py
[2026-05-18T23:24:11.547+0000] {processor.py:840} INFO - DAG(s) 'etl_end_to_end_pipeline' retrieved from /opt/airflow/dags/etl_dag.py
[2026-05-18T23:24:11.579+0000] {logging_mixin.py:188} INFO - [2026-05-18T23:24:11.579+0000] {dag.py:3036} INFO - Sync 1 DAGs
[2026-05-18T23:24:11.602+0000] {logging_mixin.py:188} INFO - [2026-05-18T23:24:11.602+0000] {dag.py:3823} INFO - Setting next_dagrun for etl_end_to_end_pipeline to 2026-05-18 00:00:00+00:00, run_after=2026-05-19 00:00:00+00:00
[2026-05-18T23:24:11.626+0000] {processor.py:183} INFO - Processing /opt/airflow/dags/etl_dag.py took 0.843 seconds
[2026-05-18T23:24:41.845+0000] {processor.py:161} INFO - Started process (PID=543) to work on /opt/airflow/dags/etl_dag.py
[2026-05-18T23:24:41.847+0000] {processor.py:830} INFO - Processing file /opt/airflow/dags/etl_dag.py for tasks to queue
[2026-05-18T23:24:41.847+0000] {logging_mixin.py:188} INFO - [2026-05-18T23:24:41.847+0000] {dagbag.py:538} INFO - Filling up the DagBag from /opt/airflow/dags/etl_dag.py
[2026-05-18T23:24:42.356+0000] {processor.py:840} INFO - DAG(s) 'etl_end_to_end_pipeline' retrieved from /opt/airflow/dags/etl_dag.py
[2026-05-18T23:24:42.382+0000] {logging_mixin.py:188} INFO - [2026-05-18T23:24:42.382+0000] {dag.py:3036} INFO - Sync 1 DAGs
[2026-05-18T23:24:42.404+0000] {logging_mixin.py:188} INFO - [2026-05-18T23:24:42.403+0000] {dag.py:3823} INFO - Setting next_dagrun for etl_end_to_end_pipeline to 2026-05-18 00:00:00+00:00, run_after=2026-05-19 00:00:00+00:00
[2026-05-18T23:24:42.421+0000] {processor.py:183} INFO - Processing /opt/airflow/dags/etl_dag.py took 0.579 seconds
[2026-05-18T23:25:12.615+0000] {processor.py:161} INFO - Started process (PID=555) to work on /opt/airflow/dags/etl_dag.py
[2026-05-18T23:25:12.616+0000] {processor.py:830} INFO - Processing file /opt/airflow/dags/etl_dag.py for tasks to queue
[2026-05-18T23:25:12.617+0000] {logging_mixin.py:188} INFO - [2026-05-18T23:25:12.616+0000] {dagbag.py:538} INFO - Filling up the DagBag from /opt/airflow/dags/etl_dag.py
[2026-05-18T23:25:13.144+0000] {processor.py:840} INFO - DAG(s) 'etl_end_to_end_pipeline' retrieved from /opt/airflow/dags/etl_dag.py
[2026-05-18T23:25:13.170+0000] {logging_mixin.py:188} INFO - [2026-05-18T23:25:13.170+0000] {dag.py:3036} INFO - Sync 1 DAGs
[2026-05-18T23:25:13.189+0000] {logging_mixin.py:188} INFO - [2026-05-18T23:25:13.188+0000] {dag.py:3823} INFO - Setting next_dagrun for etl_end_to_end_pipeline to 2026-05-18 00:00:00+00:00, run_after=2026-05-19 00:00:00+00:00
[2026-05-18T23:25:13.206+0000] {processor.py:183} INFO - Processing /opt/airflow/dags/etl_dag.py took 0.595 seconds
[2026-05-18T23:25:43.384+0000] {processor.py:161} INFO - Started process (PID=568) to work on /opt/airflow/dags/etl_dag.py
[2026-05-18T23:25:43.385+0000] {processor.py:830} INFO - Processing file /opt/airflow/dags/etl_dag.py for tasks to queue
[2026-05-18T23:25:43.386+0000] {logging_mixin.py:188} INFO - [2026-05-18T23:25:43.385+0000] {dagbag.py:538} INFO - Filling up the DagBag from /opt/airflow/dags/etl_dag.py
[2026-05-18T23:25:43.890+0000] {processor.py:840} INFO - DAG(s) 'etl_end_to_end_pipeline' retrieved from /opt/airflow/dags/etl_dag.py
[2026-05-18T23:25:43.919+0000] {logging_mixin.py:188} INFO - [2026-05-18T23:25:43.919+0000] {dag.py:3036} INFO - Sync 1 DAGs
[2026-05-18T23:25:43.939+0000] {logging_mixin.py:188} INFO - [2026-05-18T23:25:43.939+0000] {dag.py:3823} INFO - Setting next_dagrun for etl_end_to_end_pipeline to 2026-05-18 00:00:00+00:00, run_after=2026-05-19 00:00:00+00:00
[2026-05-18T23:25:43.961+0000] {processor.py:183} INFO - Processing /opt/airflow/dags/etl_dag.py took 0.580 seconds
[2026-05-18T23:26:14.174+0000] {processor.py:161} INFO - Started process (PID=580) to work on /opt/airflow/dags/etl_dag.py
[2026-05-18T23:26:14.175+0000] {processor.py:830} INFO - Processing file /opt/airflow/dags/etl_dag.py for tasks to queue
[2026-05-18T23:26:14.176+0000] {logging_mixin.py:188} INFO - [2026-05-18T23:26:14.176+0000] {dagbag.py:538} INFO - Filling up the DagBag from /opt/airflow/dags/etl_dag.py
[2026-05-18T23:26:14.773+0000] {processor.py:840} INFO - DAG(s) 'etl_end_to_end_pipeline' retrieved from /opt/airflow/dags/etl_dag.py
[2026-05-18T23:26:14.801+0000] {logging_mixin.py:188} INFO - [2026-05-18T23:26:14.801+0000] {dag.py:3036} INFO - Sync 1 DAGs
[2026-05-18T23:26:14.823+0000] {logging_mixin.py:188} INFO - [2026-05-18T23:26:14.822+0000] {dag.py:3823} INFO - Setting next_dagrun for etl_end_to_end_pipeline to 2026-05-18 00:00:00+00:00, run_after=2026-05-19 00:00:00+00:00
[2026-05-18T23:26:14.843+0000] {processor.py:183} INFO - Processing /opt/airflow/dags/etl_dag.py took 0.673 seconds
[2026-05-18T23:26:46.637+0000] {processor.py:161} INFO - Started process (PID=233) to work on /opt/airflow/dags/etl_dag.py
[2026-05-18T23:26:46.639+0000] {processor.py:830} INFO - Processing file /opt/airflow/dags/etl_dag.py for tasks to queue
[2026-05-18T23:26:46.640+0000] {logging_mixin.py:188} INFO - [2026-05-18T23:26:46.639+0000] {dagbag.py:538} INFO - Filling up the DagBag from /opt/airflow/dags/etl_dag.py
[2026-05-18T23:26:47.874+0000] {processor.py:840} INFO - DAG(s) 'etl_end_to_end_pipeline' retrieved from /opt/airflow/dags/etl_dag.py
[2026-05-18T23:26:48.054+0000] {logging_mixin.py:188} INFO - [2026-05-18T23:26:48.053+0000] {dag.py:3036} INFO - Sync 1 DAGs
[2026-05-18T23:26:48.070+0000] {logging_mixin.py:188} INFO - [2026-05-18T23:26:48.070+0000] {dag.py:3823} INFO - Setting next_dagrun for etl_end_to_end_pipeline to 2026-05-18 00:00:00+00:00, run_after=2026-05-19 00:00:00+00:00
[2026-05-18T23:26:48.088+0000] {processor.py:183} INFO - Processing /opt/airflow/dags/etl_dag.py took 1.454 seconds
[2026-05-18T23:27:18.304+0000] {processor.py:161} INFO - Started process (PID=371) to work on /opt/airflow/dags/etl_dag.py
[2026-05-18T23:27:18.308+0000] {processor.py:830} INFO - Processing file /opt/airflow/dags/etl_dag.py for tasks to queue
[2026-05-18T23:27:18.311+0000] {logging_mixin.py:188} INFO - [2026-05-18T23:27:18.310+0000] {dagbag.py:538} INFO - Filling up the DagBag from /opt/airflow/dags/etl_dag.py
[2026-05-18T23:27:18.968+0000] {processor.py:840} INFO - DAG(s) 'etl_end_to_end_pipeline' retrieved from /opt/airflow/dags/etl_dag.py
[2026-05-18T23:27:19.007+0000] {logging_mixin.py:188} INFO - [2026-05-18T23:27:19.007+0000] {dag.py:3036} INFO - Sync 1 DAGs
[2026-05-18T23:27:19.034+0000] {logging_mixin.py:188} INFO - [2026-05-18T23:27:19.034+0000] {dag.py:3823} INFO - Setting next_dagrun for etl_end_to_end_pipeline to 2026-05-18 00:00:00+00:00, run_after=2026-05-19 00:00:00+00:00
[2026-05-18T23:27:19.066+0000] {processor.py:183} INFO - Processing /opt/airflow/dags/etl_dag.py took 0.770 seconds
[2026-05-18T23:27:49.275+0000] {processor.py:161} INFO - Started process (PID=405) to work on /opt/airflow/dags/etl_dag.py
[2026-05-18T23:27:49.277+0000] {processor.py:830} INFO - Processing file /opt/airflow/dags/etl_dag.py for tasks to queue
[2026-05-18T23:27:49.277+0000] {logging_mixin.py:188} INFO - [2026-05-18T23:27:49.277+0000] {dagbag.py:538} INFO - Filling up the DagBag from /opt/airflow/dags/etl_dag.py
[2026-05-18T23:27:49.805+0000] {processor.py:840} INFO - DAG(s) 'etl_end_to_end_pipeline' retrieved from /opt/airflow/dags/etl_dag.py
[2026-05-18T23:27:49.839+0000] {logging_mixin.py:188} INFO - [2026-05-18T23:27:49.839+0000] {dag.py:3036} INFO - Sync 1 DAGs
[2026-05-18T23:27:49.857+0000] {logging_mixin.py:188} INFO - [2026-05-18T23:27:49.857+0000] {dag.py:3823} INFO - Setting next_dagrun for etl_end_to_end_pipeline to 2026-05-18 00:00:00+00:00, run_after=2026-05-19 00:00:00+00:00
[2026-05-18T23:27:49.877+0000] {processor.py:183} INFO - Processing /opt/airflow/dags/etl_dag.py took 0.605 seconds
[2026-05-18T23:28:20.084+0000] {processor.py:161} INFO - Started process (PID=497) to work on /opt/airflow/dags/etl_dag.py
[2026-05-18T23:28:20.085+0000] {processor.py:830} INFO - Processing file /opt/airflow/dags/etl_dag.py for tasks to queue
[2026-05-18T23:28:20.086+0000] {logging_mixin.py:188} INFO - [2026-05-18T23:28:20.086+0000] {dagbag.py:538} INFO - Filling up the DagBag from /opt/airflow/dags/etl_dag.py
[2026-05-18T23:28:20.581+0000] {processor.py:840} INFO - DAG(s) 'etl_end_to_end_pipeline' retrieved from /opt/airflow/dags/etl_dag.py
[2026-05-18T23:28:20.606+0000] {logging_mixin.py:188} INFO - [2026-05-18T23:28:20.606+0000] {dag.py:3036} INFO - Sync 1 DAGs
[2026-05-18T23:28:20.624+0000] {logging_mixin.py:188} INFO - [2026-05-18T23:28:20.624+0000] {dag.py:3823} INFO - Setting next_dagrun for etl_end_to_end_pipeline to 2026-05-18 00:00:00+00:00, run_after=2026-05-19 00:00:00+00:00
[2026-05-18T23:28:20.640+0000] {processor.py:183} INFO - Processing /opt/airflow/dags/etl_dag.py took 0.560 seconds
[2026-05-18T23:28:50.831+0000] {processor.py:161} INFO - Started process (PID=534) to work on /opt/airflow/dags/etl_dag.py
[2026-05-18T23:28:50.832+0000] {processor.py:830} INFO - Processing file /opt/airflow/dags/etl_dag.py for tasks to queue
[2026-05-18T23:28:50.833+0000] {logging_mixin.py:188} INFO - [2026-05-18T23:28:50.833+0000] {dagbag.py:538} INFO - Filling up the DagBag from /opt/airflow/dags/etl_dag.py
[2026-05-18T23:28:51.390+0000] {processor.py:840} INFO - DAG(s) 'etl_end_to_end_pipeline' retrieved from /opt/airflow/dags/etl_dag.py
[2026-05-18T23:28:51.417+0000] {logging_mixin.py:188} INFO - [2026-05-18T23:28:51.416+0000] {dag.py:3036} INFO - Sync 1 DAGs
[2026-05-18T23:28:51.438+0000] {logging_mixin.py:188} INFO - [2026-05-18T23:28:51.438+0000] {dag.py:3823} INFO - Setting next_dagrun for etl_end_to_end_pipeline to 2026-05-18 00:00:00+00:00, run_after=2026-05-19 00:00:00+00:00
[2026-05-18T23:28:51.457+0000] {processor.py:183} INFO - Processing /opt/airflow/dags/etl_dag.py took 0.631 seconds
[2026-05-18T23:29:21.707+0000] {processor.py:161} INFO - Started process (PID=658) to work on /opt/airflow/dags/etl_dag.py
[2026-05-18T23:29:21.708+0000] {processor.py:830} INFO - Processing file /opt/airflow/dags/etl_dag.py for tasks to queue
[2026-05-18T23:29:21.709+0000] {logging_mixin.py:188} INFO - [2026-05-18T23:29:21.709+0000] {dagbag.py:538} INFO - Filling up the DagBag from /opt/airflow/dags/etl_dag.py
[2026-05-18T23:29:22.208+0000] {processor.py:840} INFO - DAG(s) 'etl_end_to_end_pipeline' retrieved from /opt/airflow/dags/etl_dag.py
[2026-05-18T23:29:22.233+0000] {logging_mixin.py:188} INFO - [2026-05-18T23:29:22.233+0000] {dag.py:3036} INFO - Sync 1 DAGs
[2026-05-18T23:29:22.252+0000] {logging_mixin.py:188} INFO - [2026-05-18T23:29:22.252+0000] {dag.py:3823} INFO - Setting next_dagrun for etl_end_to_end_pipeline to 2026-05-18 00:00:00+00:00, run_after=2026-05-19 00:00:00+00:00
[2026-05-18T23:29:22.268+0000] {processor.py:183} INFO - Processing /opt/airflow/dags/etl_dag.py took 0.565 seconds
[2026-05-18T23:29:52.457+0000] {processor.py:161} INFO - Started process (PID=670) to work on /opt/airflow/dags/etl_dag.py
[2026-05-18T23:29:52.459+0000] {processor.py:830} INFO - Processing file /opt/airflow/dags/etl_dag.py for tasks to queue
[2026-05-18T23:29:52.460+0000] {logging_mixin.py:188} INFO - [2026-05-18T23:29:52.459+0000] {dagbag.py:538} INFO - Filling up the DagBag from /opt/airflow/dags/etl_dag.py
[2026-05-18T23:29:53.057+0000] {processor.py:840} INFO - DAG(s) 'etl_end_to_end_pipeline' retrieved from /opt/airflow/dags/etl_dag.py
[2026-05-18T23:29:53.084+0000] {logging_mixin.py:188} INFO - [2026-05-18T23:29:53.084+0000] {dag.py:3036} INFO - Sync 1 DAGs
[2026-05-18T23:29:53.104+0000] {logging_mixin.py:188} INFO - [2026-05-18T23:29:53.103+0000] {dag.py:3823} INFO - Setting next_dagrun for etl_end_to_end_pipeline to 2026-05-18 00:00:00+00:00, run_after=2026-05-19 00:00:00+00:00
[2026-05-18T23:29:53.121+0000] {processor.py:183} INFO - Processing /opt/airflow/dags/etl_dag.py took 0.667 seconds
[2026-05-18T23:30:23.278+0000] {processor.py:161} INFO - Started process (PID=782) to work on /opt/airflow/dags/etl_dag.py
[2026-05-18T23:30:23.279+0000] {processor.py:830} INFO - Processing file /opt/airflow/dags/etl_dag.py for tasks to queue
[2026-05-18T23:30:23.280+0000] {logging_mixin.py:188} INFO - [2026-05-18T23:30:23.280+0000] {dagbag.py:538} INFO - Filling up the DagBag from /opt/airflow/dags/etl_dag.py
[2026-05-18T23:30:23.814+0000] {processor.py:840} INFO - DAG(s) 'etl_end_to_end_pipeline' retrieved from /opt/airflow/dags/etl_dag.py
[2026-05-18T23:30:23.838+0000] {logging_mixin.py:188} INFO - [2026-05-18T23:30:23.838+0000] {dag.py:3036} INFO - Sync 1 DAGs
[2026-05-18T23:30:23.857+0000] {logging_mixin.py:188} INFO - [2026-05-18T23:30:23.857+0000] {dag.py:3823} INFO - Setting next_dagrun for etl_end_to_end_pipeline to 2026-05-18 00:00:00+00:00, run_after=2026-05-19 00:00:00+00:00
[2026-05-18T23:30:23.876+0000] {processor.py:183} INFO - Processing /opt/airflow/dags/etl_dag.py took 0.602 seconds
[2026-05-18T23:30:54.141+0000] {processor.py:161} INFO - Started process (PID=819) to work on /opt/airflow/dags/etl_dag.py
[2026-05-18T23:30:54.150+0000] {processor.py:830} INFO - Processing file /opt/airflow/dags/etl_dag.py for tasks to queue
[2026-05-18T23:30:54.153+0000] {logging_mixin.py:188} INFO - [2026-05-18T23:30:54.152+0000] {dagbag.py:538} INFO - Filling up the DagBag from /opt/airflow/dags/etl_dag.py
[2026-05-18T23:30:54.768+0000] {processor.py:840} INFO - DAG(s) 'etl_end_to_end_pipeline' retrieved from /opt/airflow/dags/etl_dag.py
[2026-05-18T23:30:54.796+0000] {logging_mixin.py:188} INFO - [2026-05-18T23:30:54.796+0000] {dag.py:3036} INFO - Sync 1 DAGs
[2026-05-18T23:30:54.814+0000] {logging_mixin.py:188} INFO - [2026-05-18T23:30:54.814+0000] {dag.py:3823} INFO - Setting next_dagrun for etl_end_to_end_pipeline to 2026-05-18 00:00:00+00:00, run_after=2026-05-19 00:00:00+00:00
[2026-05-18T23:30:54.831+0000] {processor.py:183} INFO - Processing /opt/airflow/dags/etl_dag.py took 0.697 seconds
[2026-05-18T23:31:25.048+0000] {processor.py:161} INFO - Started process (PID=936) to work on /opt/airflow/dags/etl_dag.py
[2026-05-18T23:31:25.049+0000] {processor.py:830} INFO - Processing file /opt/airflow/dags/etl_dag.py for tasks to queue
[2026-05-18T23:31:25.050+0000] {logging_mixin.py:188} INFO - [2026-05-18T23:31:25.050+0000] {dagbag.py:538} INFO - Filling up the DagBag from /opt/airflow/dags/etl_dag.py
[2026-05-18T23:31:25.550+0000] {processor.py:840} INFO - DAG(s) 'etl_end_to_end_pipeline' retrieved from /opt/airflow/dags/etl_dag.py
[2026-05-18T23:31:25.574+0000] {logging_mixin.py:188} INFO - [2026-05-18T23:31:25.573+0000] {dag.py:3036} INFO - Sync 1 DAGs
[2026-05-18T23:31:25.591+0000] {logging_mixin.py:188} INFO - [2026-05-18T23:31:25.591+0000] {dag.py:3823} INFO - Setting next_dagrun for etl_end_to_end_pipeline to 2026-05-18 00:00:00+00:00, run_after=2026-05-19 00:00:00+00:00
[2026-05-18T23:31:25.614+0000] {processor.py:183} INFO - Processing /opt/airflow/dags/etl_dag.py took 0.570 seconds
[2026-05-18T23:31:55.773+0000] {processor.py:161} INFO - Started process (PID=949) to work on /opt/airflow/dags/etl_dag.py
[2026-05-18T23:31:55.774+0000] {processor.py:830} INFO - Processing file /opt/airflow/dags/etl_dag.py for tasks to queue
[2026-05-18T23:31:55.775+0000] {logging_mixin.py:188} INFO - [2026-05-18T23:31:55.774+0000] {dagbag.py:538} INFO - Filling up the DagBag from /opt/airflow/dags/etl_dag.py
[2026-05-18T23:31:56.302+0000] {processor.py:840} INFO - DAG(s) 'etl_end_to_end_pipeline' retrieved from /opt/airflow/dags/etl_dag.py
[2026-05-18T23:31:56.327+0000] {logging_mixin.py:188} INFO - [2026-05-18T23:31:56.327+0000] {dag.py:3036} INFO - Sync 1 DAGs
[2026-05-18T23:31:56.345+0000] {logging_mixin.py:188} INFO - [2026-05-18T23:31:56.345+0000] {dag.py:3823} INFO - Setting next_dagrun for etl_end_to_end_pipeline to 2026-05-18 00:00:00+00:00, run_after=2026-05-19 00:00:00+00:00
[2026-05-18T23:31:56.362+0000] {processor.py:183} INFO - Processing /opt/airflow/dags/etl_dag.py took 0.592 seconds
[2026-05-18T23:32:26.565+0000] {processor.py:161} INFO - Started process (PID=998) to work on /opt/airflow/dags/etl_dag.py
[2026-05-18T23:32:26.566+0000] {processor.py:830} INFO - Processing file /opt/airflow/dags/etl_dag.py for tasks to queue
[2026-05-18T23:32:26.566+0000] {logging_mixin.py:188} INFO - [2026-05-18T23:32:26.566+0000] {dagbag.py:538} INFO - Filling up the DagBag from /opt/airflow/dags/etl_dag.py
[2026-05-18T23:32:27.052+0000] {processor.py:840} INFO - DAG(s) 'etl_end_to_end_pipeline' retrieved from /opt/airflow/dags/etl_dag.py
[2026-05-18T23:32:27.075+0000] {logging_mixin.py:188} INFO - [2026-05-18T23:32:27.075+0000] {dag.py:3036} INFO - Sync 1 DAGs
[2026-05-18T23:32:27.093+0000] {logging_mixin.py:188} INFO - [2026-05-18T23:32:27.093+0000] {dag.py:3823} INFO - Setting next_dagrun for etl_end_to_end_pipeline to 2026-05-18 00:00:00+00:00, run_after=2026-05-19 00:00:00+00:00
[2026-05-18T23:32:27.108+0000] {processor.py:183} INFO - Processing /opt/airflow/dags/etl_dag.py took 0.547 seconds
[2026-05-18T23:32:57.296+0000] {processor.py:161} INFO - Started process (PID=1056) to work on /opt/airflow/dags/etl_dag.py
[2026-05-18T23:32:57.297+0000] {processor.py:830} INFO - Processing file /opt/airflow/dags/etl_dag.py for tasks to queue
[2026-05-18T23:32:57.299+0000] {logging_mixin.py:188} INFO - [2026-05-18T23:32:57.298+0000] {dagbag.py:538} INFO - Filling up the DagBag from /opt/airflow/dags/etl_dag.py
[2026-05-18T23:32:57.825+0000] {processor.py:840} INFO - DAG(s) 'etl_end_to_end_pipeline' retrieved from /opt/airflow/dags/etl_dag.py
[2026-05-18T23:32:57.849+0000] {logging_mixin.py:188} INFO - [2026-05-18T23:32:57.849+0000] {dag.py:3036} INFO - Sync 1 DAGs
[2026-05-18T23:32:57.867+0000] {logging_mixin.py:188} INFO - [2026-05-18T23:32:57.867+0000] {dag.py:3823} INFO - Setting next_dagrun for etl_end_to_end_pipeline to 2026-05-18 00:00:00+00:00, run_after=2026-05-19 00:00:00+00:00
[2026-05-18T23:32:57.883+0000] {processor.py:183} INFO - Processing /opt/airflow/dags/etl_dag.py took 0.591 seconds
[2026-05-18T23:33:28.081+0000] {processor.py:161} INFO - Started process (PID=1133) to work on /opt/airflow/dags/etl_dag.py
[2026-05-18T23:33:28.082+0000] {processor.py:830} INFO - Processing file /opt/airflow/dags/etl_dag.py for tasks to queue
[2026-05-18T23:33:28.083+0000] {logging_mixin.py:188} INFO - [2026-05-18T23:33:28.083+0000] {dagbag.py:538} INFO - Filling up the DagBag from /opt/airflow/dags/etl_dag.py
[2026-05-18T23:33:28.526+0000] {processor.py:840} INFO - DAG(s) 'etl_end_to_end_pipeline' retrieved from /opt/airflow/dags/etl_dag.py
[2026-05-18T23:33:28.551+0000] {logging_mixin.py:188} INFO - [2026-05-18T23:33:28.550+0000] {dag.py:3036} INFO - Sync 1 DAGs
[2026-05-18T23:33:28.569+0000] {logging_mixin.py:188} INFO - [2026-05-18T23:33:28.569+0000] {dag.py:3823} INFO - Setting next_dagrun for etl_end_to_end_pipeline to 2026-05-18 00:00:00+00:00, run_after=2026-05-19 00:00:00+00:00
[2026-05-18T23:33:28.586+0000] {processor.py:183} INFO - Processing /opt/airflow/dags/etl_dag.py took 0.508 seconds
[2026-05-18T23:33:58.806+0000] {processor.py:161} INFO - Started process (PID=1191) to work on /opt/airflow/dags/etl_dag.py
[2026-05-18T23:33:58.808+0000] {processor.py:830} INFO - Processing file /opt/airflow/dags/etl_dag.py for tasks to queue
[2026-05-18T23:33:58.810+0000] {logging_mixin.py:188} INFO - [2026-05-18T23:33:58.810+0000] {dagbag.py:538} INFO - Filling up the DagBag from /opt/airflow/dags/etl_dag.py
[2026-05-18T23:33:59.525+0000] {processor.py:840} INFO - DAG(s) 'etl_end_to_end_pipeline' retrieved from /opt/airflow/dags/etl_dag.py
[2026-05-18T23:33:59.551+0000] {logging_mixin.py:188} INFO - [2026-05-18T23:33:59.551+0000] {dag.py:3036} INFO - Sync 1 DAGs
[2026-05-18T23:33:59.569+0000] {logging_mixin.py:188} INFO - [2026-05-18T23:33:59.569+0000] {dag.py:3823} INFO - Setting next_dagrun for etl_end_to_end_pipeline to 2026-05-18 00:00:00+00:00, run_after=2026-05-19 00:00:00+00:00
[2026-05-18T23:33:59.586+0000] {processor.py:183} INFO - Processing /opt/airflow/dags/etl_dag.py took 0.786 seconds
[2026-05-18T23:34:29.758+0000] {processor.py:161} INFO - Started process (PID=1271) to work on /opt/airflow/dags/etl_dag.py
[2026-05-18T23:34:29.759+0000] {processor.py:830} INFO - Processing file /opt/airflow/dags/etl_dag.py for tasks to queue
[2026-05-18T23:34:29.760+0000] {logging_mixin.py:188} INFO - [2026-05-18T23:34:29.760+0000] {dagbag.py:538} INFO - Filling up the DagBag from /opt/airflow/dags/etl_dag.py
[2026-05-18T23:34:30.220+0000] {processor.py:840} INFO - DAG(s) 'etl_end_to_end_pipeline' retrieved from /opt/airflow/dags/etl_dag.py
[2026-05-18T23:34:30.246+0000] {logging_mixin.py:188} INFO - [2026-05-18T23:34:30.245+0000] {dag.py:3036} INFO - Sync 1 DAGs
[2026-05-18T23:34:30.266+0000] {logging_mixin.py:188} INFO - [2026-05-18T23:34:30.265+0000] {dag.py:3823} INFO - Setting next_dagrun for etl_end_to_end_pipeline to 2026-05-18 00:00:00+00:00, run_after=2026-05-19 00:00:00+00:00
[2026-05-18T23:34:30.282+0000] {processor.py:183} INFO - Processing /opt/airflow/dags/etl_dag.py took 0.527 seconds
[2026-05-18T23:35:00.481+0000] {processor.py:161} INFO - Started process (PID=1283) to work on /opt/airflow/dags/etl_dag.py
[2026-05-18T23:35:00.483+0000] {processor.py:830} INFO - Processing file /opt/airflow/dags/etl_dag.py for tasks to queue
[2026-05-18T23:35:00.484+0000] {logging_mixin.py:188} INFO - [2026-05-18T23:35:00.483+0000] {dagbag.py:538} INFO - Filling up the DagBag from /opt/airflow/dags/etl_dag.py
[2026-05-18T23:35:00.993+0000] {processor.py:840} INFO - DAG(s) 'etl_end_to_end_pipeline' retrieved from /opt/airflow/dags/etl_dag.py
[2026-05-18T23:35:01.018+0000] {logging_mixin.py:188} INFO - [2026-05-18T23:35:01.018+0000] {dag.py:3036} INFO - Sync 1 DAGs
[2026-05-18T23:35:01.037+0000] {logging_mixin.py:188} INFO - [2026-05-18T23:35:01.037+0000] {dag.py:3823} INFO - Setting next_dagrun for etl_end_to_end_pipeline to 2026-05-18 00:00:00+00:00, run_after=2026-05-19 00:00:00+00:00
[2026-05-18T23:35:01.054+0000] {processor.py:183} INFO - Processing /opt/airflow/dags/etl_dag.py took 0.577 seconds
[2026-05-18T23:35:31.234+0000] {processor.py:161} INFO - Started process (PID=1327) to work on /opt/airflow/dags/etl_dag.py
[2026-05-18T23:35:31.235+0000] {processor.py:830} INFO - Processing file /opt/airflow/dags/etl_dag.py for tasks to queue
[2026-05-18T23:35:31.236+0000] {logging_mixin.py:188} INFO - [2026-05-18T23:35:31.236+0000] {dagbag.py:538} INFO - Filling up the DagBag from /opt/airflow/dags/etl_dag.py
[2026-05-18T23:35:31.725+0000] {processor.py:840} INFO - DAG(s) 'etl_end_to_end_pipeline' retrieved from /opt/airflow/dags/etl_dag.py
[2026-05-18T23:35:31.751+0000] {logging_mixin.py:188} INFO - [2026-05-18T23:35:31.750+0000] {dag.py:3036} INFO - Sync 1 DAGs
[2026-05-18T23:35:31.768+0000] {logging_mixin.py:188} INFO - [2026-05-18T23:35:31.768+0000] {dag.py:3823} INFO - Setting next_dagrun for etl_end_to_end_pipeline to 2026-05-18 00:00:00+00:00, run_after=2026-05-19 00:00:00+00:00
[2026-05-18T23:35:31.783+0000] {processor.py:183} INFO - Processing /opt/airflow/dags/etl_dag.py took 0.552 seconds
[2026-05-18T23:36:01.986+0000] {processor.py:161} INFO - Started process (PID=1339) to work on /opt/airflow/dags/etl_dag.py
[2026-05-18T23:36:01.988+0000] {processor.py:830} INFO - Processing file /opt/airflow/dags/etl_dag.py for tasks to queue
[2026-05-18T23:36:01.989+0000] {logging_mixin.py:188} INFO - [2026-05-18T23:36:01.989+0000] {dagbag.py:538} INFO - Filling up the DagBag from /opt/airflow/dags/etl_dag.py
[2026-05-18T23:36:02.508+0000] {processor.py:840} INFO - DAG(s) 'etl_end_to_end_pipeline' retrieved from /opt/airflow/dags/etl_dag.py
[2026-05-18T23:36:02.533+0000] {logging_mixin.py:188} INFO - [2026-05-18T23:36:02.533+0000] {dag.py:3036} INFO - Sync 1 DAGs
[2026-05-18T23:36:02.551+0000] {logging_mixin.py:188} INFO - [2026-05-18T23:36:02.551+0000] {dag.py:3823} INFO - Setting next_dagrun for etl_end_to_end_pipeline to 2026-05-18 00:00:00+00:00, run_after=2026-05-19 00:00:00+00:00
[2026-05-18T23:36:02.568+0000] {processor.py:183} INFO - Processing /opt/airflow/dags/etl_dag.py took 0.585 seconds
[2026-05-18T23:36:32.753+0000] {processor.py:161} INFO - Started process (PID=1370) to work on /opt/airflow/dags/etl_dag.py
[2026-05-18T23:36:32.755+0000] {processor.py:830} INFO - Processing file /opt/airflow/dags/etl_dag.py for tasks to queue
[2026-05-18T23:36:32.756+0000] {logging_mixin.py:188} INFO - [2026-05-18T23:36:32.755+0000] {dagbag.py:538} INFO - Filling up the DagBag from /opt/airflow/dags/etl_dag.py
[2026-05-18T23:36:33.288+0000] {processor.py:840} INFO - DAG(s) 'etl_end_to_end_pipeline' retrieved from /opt/airflow/dags/etl_dag.py
[2026-05-18T23:36:33.313+0000] {logging_mixin.py:188} INFO - [2026-05-18T23:36:33.312+0000] {dag.py:3036} INFO - Sync 1 DAGs
[2026-05-18T23:36:33.330+0000] {logging_mixin.py:188} INFO - [2026-05-18T23:36:33.330+0000] {dag.py:3823} INFO - Setting next_dagrun for etl_end_to_end_pipeline to 2026-05-18 00:00:00+00:00, run_after=2026-05-19 00:00:00+00:00
[2026-05-18T23:36:33.346+0000] {processor.py:183} INFO - Processing /opt/airflow/dags/etl_dag.py took 0.596 seconds
[2026-05-18T23:37:21.637+0000] {processor.py:161} INFO - Started process (PID=222) to work on /opt/airflow/dags/etl_dag.py
[2026-05-18T23:37:21.638+0000] {processor.py:830} INFO - Processing file /opt/airflow/dags/etl_dag.py for tasks to queue
[2026-05-18T23:37:21.639+0000] {logging_mixin.py:188} INFO - [2026-05-18T23:37:21.639+0000] {dagbag.py:538} INFO - Filling up the DagBag from /opt/airflow/dags/etl_dag.py
[2026-05-18T23:37:22.173+0000] {processor.py:840} INFO - DAG(s) 'etl_end_to_end_pipeline' retrieved from /opt/airflow/dags/etl_dag.py
[2026-05-18T23:37:22.268+0000] {logging_mixin.py:188} INFO - [2026-05-18T23:37:22.268+0000] {dag.py:3036} INFO - Sync 1 DAGs
[2026-05-18T23:37:22.285+0000] {logging_mixin.py:188} INFO - [2026-05-18T23:37:22.285+0000] {dag.py:3823} INFO - Setting next_dagrun for etl_end_to_end_pipeline to 2026-05-18 00:00:00+00:00, run_after=2026-05-19 00:00:00+00:00
[2026-05-18T23:37:22.303+0000] {processor.py:183} INFO - Processing /opt/airflow/dags/etl_dag.py took 0.668 seconds
[2026-05-18T23:37:52.504+0000] {processor.py:161} INFO - Started process (PID=267) to work on /opt/airflow/dags/etl_dag.py
[2026-05-18T23:37:52.505+0000] {processor.py:830} INFO - Processing file /opt/airflow/dags/etl_dag.py for tasks to queue
[2026-05-18T23:37:52.507+0000] {logging_mixin.py:188} INFO - [2026-05-18T23:37:52.506+0000] {dagbag.py:538} INFO - Filling up the DagBag from /opt/airflow/dags/etl_dag.py
[2026-05-18T23:37:53.048+0000] {processor.py:840} INFO - DAG(s) 'etl_end_to_end_pipeline' retrieved from /opt/airflow/dags/etl_dag.py
[2026-05-18T23:37:53.078+0000] {logging_mixin.py:188} INFO - [2026-05-18T23:37:53.077+0000] {dag.py:3036} INFO - Sync 1 DAGs
[2026-05-18T23:37:53.098+0000] {logging_mixin.py:188} INFO - [2026-05-18T23:37:53.098+0000] {dag.py:3823} INFO - Setting next_dagrun for etl_end_to_end_pipeline to 2026-05-18 00:00:00+00:00, run_after=2026-05-19 00:00:00+00:00
[2026-05-18T23:37:53.117+0000] {processor.py:183} INFO - Processing /opt/airflow/dags/etl_dag.py took 0.617 seconds
[2026-05-18T23:38:23.308+0000] {processor.py:161} INFO - Started process (PID=279) to work on /opt/airflow/dags/etl_dag.py
[2026-05-18T23:38:23.309+0000] {processor.py:830} INFO - Processing file /opt/airflow/dags/etl_dag.py for tasks to queue
[2026-05-18T23:38:23.310+0000] {logging_mixin.py:188} INFO - [2026-05-18T23:38:23.310+0000] {dagbag.py:538} INFO - Filling up the DagBag from /opt/airflow/dags/etl_dag.py
[2026-05-18T23:38:23.845+0000] {processor.py:840} INFO - DAG(s) 'etl_end_to_end_pipeline' retrieved from /opt/airflow/dags/etl_dag.py
[2026-05-18T23:38:23.871+0000] {logging_mixin.py:188} INFO - [2026-05-18T23:38:23.870+0000] {dag.py:3036} INFO - Sync 1 DAGs
[2026-05-18T23:38:23.889+0000] {logging_mixin.py:188} INFO - [2026-05-18T23:38:23.889+0000] {dag.py:3823} INFO - Setting next_dagrun for etl_end_to_end_pipeline to 2026-05-18 00:00:00+00:00, run_after=2026-05-19 00:00:00+00:00
[2026-05-18T23:38:23.905+0000] {processor.py:183} INFO - Processing /opt/airflow/dags/etl_dag.py took 0.600 seconds
[2026-05-18T23:38:54.110+0000] {processor.py:161} INFO - Started process (PID=291) to work on /opt/airflow/dags/etl_dag.py
[2026-05-18T23:38:54.111+0000] {processor.py:830} INFO - Processing file /opt/airflow/dags/etl_dag.py for tasks to queue
[2026-05-18T23:38:54.112+0000] {logging_mixin.py:188} INFO - [2026-05-18T23:38:54.112+0000] {dagbag.py:538} INFO - Filling up the DagBag from /opt/airflow/dags/etl_dag.py
[2026-05-18T23:38:54.611+0000] {processor.py:840} INFO - DAG(s) 'etl_end_to_end_pipeline' retrieved from /opt/airflow/dags/etl_dag.py
[2026-05-18T23:38:54.636+0000] {logging_mixin.py:188} INFO - [2026-05-18T23:38:54.636+0000] {dag.py:3036} INFO - Sync 1 DAGs
[2026-05-18T23:38:54.654+0000] {logging_mixin.py:188} INFO - [2026-05-18T23:38:54.654+0000] {dag.py:3823} INFO - Setting next_dagrun for etl_end_to_end_pipeline to 2026-05-18 00:00:00+00:00, run_after=2026-05-19 00:00:00+00:00
[2026-05-18T23:38:54.672+0000] {processor.py:183} INFO - Processing /opt/airflow/dags/etl_dag.py took 0.565 seconds
[2026-05-18T23:39:24.868+0000] {processor.py:161} INFO - Started process (PID=303) to work on /opt/airflow/dags/etl_dag.py
[2026-05-18T23:39:24.870+0000] {processor.py:830} INFO - Processing file /opt/airflow/dags/etl_dag.py for tasks to queue
[2026-05-18T23:39:24.871+0000] {logging_mixin.py:188} INFO - [2026-05-18T23:39:24.870+0000] {dagbag.py:538} INFO - Filling up the DagBag from /opt/airflow/dags/etl_dag.py
[2026-05-18T23:39:25.397+0000] {processor.py:840} INFO - DAG(s) 'etl_end_to_end_pipeline' retrieved from /opt/airflow/dags/etl_dag.py
[2026-05-18T23:39:25.423+0000] {logging_mixin.py:188} INFO - [2026-05-18T23:39:25.423+0000] {dag.py:3036} INFO - Sync 1 DAGs
[2026-05-18T23:39:25.443+0000] {logging_mixin.py:188} INFO - [2026-05-18T23:39:25.443+0000] {dag.py:3823} INFO - Setting next_dagrun for etl_end_to_end_pipeline to 2026-05-18 00:00:00+00:00, run_after=2026-05-19 00:00:00+00:00
[2026-05-18T23:39:25.461+0000] {processor.py:183} INFO - Processing /opt/airflow/dags/etl_dag.py took 0.597 seconds
[2026-05-18T23:39:55.648+0000] {processor.py:161} INFO - Started process (PID=315) to work on /opt/airflow/dags/etl_dag.py
[2026-05-18T23:39:55.650+0000] {processor.py:830} INFO - Processing file /opt/airflow/dags/etl_dag.py for tasks to queue
[2026-05-18T23:39:55.651+0000] {logging_mixin.py:188} INFO - [2026-05-18T23:39:55.650+0000] {dagbag.py:538} INFO - Filling up the DagBag from /opt/airflow/dags/etl_dag.py
[2026-05-18T23:39:56.223+0000] {processor.py:840} INFO - DAG(s) 'etl_end_to_end_pipeline' retrieved from /opt/airflow/dags/etl_dag.py
[2026-05-18T23:39:56.249+0000] {logging_mixin.py:188} INFO - [2026-05-18T23:39:56.249+0000] {dag.py:3036} INFO - Sync 1 DAGs
[2026-05-18T23:39:56.267+0000] {logging_mixin.py:188} INFO - [2026-05-18T23:39:56.266+0000] {dag.py:3823} INFO - Setting next_dagrun for etl_end_to_end_pipeline to 2026-05-18 00:00:00+00:00, run_after=2026-05-19 00:00:00+00:00
[2026-05-18T23:39:56.283+0000] {processor.py:183} INFO - Processing /opt/airflow/dags/etl_dag.py took 0.638 seconds
[2026-05-18T23:40:26.483+0000] {processor.py:161} INFO - Started process (PID=327) to work on /opt/airflow/dags/etl_dag.py
[2026-05-18T23:40:26.484+0000] {processor.py:830} INFO - Processing file /opt/airflow/dags/etl_dag.py for tasks to queue
[2026-05-18T23:40:26.485+0000] {logging_mixin.py:188} INFO - [2026-05-18T23:40:26.485+0000] {dagbag.py:538} INFO - Filling up the DagBag from /opt/airflow/dags/etl_dag.py
[2026-05-18T23:40:27.003+0000] {processor.py:840} INFO - DAG(s) 'etl_end_to_end_pipeline' retrieved from /opt/airflow/dags/etl_dag.py
[2026-05-18T23:40:27.031+0000] {logging_mixin.py:188} INFO - [2026-05-18T23:40:27.030+0000] {dag.py:3036} INFO - Sync 1 DAGs
[2026-05-18T23:40:27.052+0000] {logging_mixin.py:188} INFO - [2026-05-18T23:40:27.052+0000] {dag.py:3823} INFO - Setting next_dagrun for etl_end_to_end_pipeline to 2026-05-18 00:00:00+00:00, run_after=2026-05-19 00:00:00+00:00
[2026-05-18T23:40:27.072+0000] {processor.py:183} INFO - Processing /opt/airflow/dags/etl_dag.py took 0.592 seconds
[2026-05-18T23:40:57.263+0000] {processor.py:161} INFO - Started process (PID=339) to work on /opt/airflow/dags/etl_dag.py
[2026-05-18T23:40:57.264+0000] {processor.py:830} INFO - Processing file /opt/airflow/dags/etl_dag.py for tasks to queue
[2026-05-18T23:40:57.265+0000] {logging_mixin.py:188} INFO - [2026-05-18T23:40:57.265+0000] {dagbag.py:538} INFO - Filling up the DagBag from /opt/airflow/dags/etl_dag.py
[2026-05-18T23:40:57.767+0000] {processor.py:840} INFO - DAG(s) 'etl_end_to_end_pipeline' retrieved from /opt/airflow/dags/etl_dag.py
[2026-05-18T23:40:57.793+0000] {logging_mixin.py:188} INFO - [2026-05-18T23:40:57.792+0000] {dag.py:3036} INFO - Sync 1 DAGs
[2026-05-18T23:40:57.820+0000] {logging_mixin.py:188} INFO - [2026-05-18T23:40:57.820+0000] {dag.py:3823} INFO - Setting next_dagrun for etl_end_to_end_pipeline to 2026-05-18 00:00:00+00:00, run_after=2026-05-19 00:00:00+00:00
[2026-05-18T23:40:57.845+0000] {processor.py:183} INFO - Processing /opt/airflow/dags/etl_dag.py took 0.585 seconds
[2026-05-18T23:41:28.058+0000] {processor.py:161} INFO - Started process (PID=351) to work on /opt/airflow/dags/etl_dag.py
[2026-05-18T23:41:28.059+0000] {processor.py:830} INFO - Processing file /opt/airflow/dags/etl_dag.py for tasks to queue
[2026-05-18T23:41:28.060+0000] {logging_mixin.py:188} INFO - [2026-05-18T23:41:28.060+0000] {dagbag.py:538} INFO - Filling up the DagBag from /opt/airflow/dags/etl_dag.py
[2026-05-18T23:41:28.561+0000] {processor.py:840} INFO - DAG(s) 'etl_end_to_end_pipeline' retrieved from /opt/airflow/dags/etl_dag.py
[2026-05-18T23:41:28.586+0000] {logging_mixin.py:188} INFO - [2026-05-18T23:41:28.585+0000] {dag.py:3036} INFO - Sync 1 DAGs
[2026-05-18T23:41:28.605+0000] {logging_mixin.py:188} INFO - [2026-05-18T23:41:28.604+0000] {dag.py:3823} INFO - Setting next_dagrun for etl_end_to_end_pipeline to 2026-05-18 00:00:00+00:00, run_after=2026-05-19 00:00:00+00:00
[2026-05-18T23:41:28.622+0000] {processor.py:183} INFO - Processing /opt/airflow/dags/etl_dag.py took 0.566 seconds
[2026-05-18T23:41:58.804+0000] {processor.py:161} INFO - Started process (PID=363) to work on /opt/airflow/dags/etl_dag.py
[2026-05-18T23:41:58.805+0000] {processor.py:830} INFO - Processing file /opt/airflow/dags/etl_dag.py for tasks to queue
[2026-05-18T23:41:58.806+0000] {logging_mixin.py:188} INFO - [2026-05-18T23:41:58.806+0000] {dagbag.py:538} INFO - Filling up the DagBag from /opt/airflow/dags/etl_dag.py
[2026-05-18T23:41:59.313+0000] {processor.py:840} INFO - DAG(s) 'etl_end_to_end_pipeline' retrieved from /opt/airflow/dags/etl_dag.py
[2026-05-18T23:41:59.340+0000] {logging_mixin.py:188} INFO - [2026-05-18T23:41:59.340+0000] {dag.py:3036} INFO - Sync 1 DAGs
[2026-05-18T23:41:59.358+0000] {logging_mixin.py:188} INFO - [2026-05-18T23:41:59.358+0000] {dag.py:3823} INFO - Setting next_dagrun for etl_end_to_end_pipeline to 2026-05-18 00:00:00+00:00, run_after=2026-05-19 00:00:00+00:00
[2026-05-18T23:41:59.377+0000] {processor.py:183} INFO - Processing /opt/airflow/dags/etl_dag.py took 0.577 seconds
[2026-05-18T23:42:29.582+0000] {processor.py:161} INFO - Started process (PID=375) to work on /opt/airflow/dags/etl_dag.py
[2026-05-18T23:42:29.583+0000] {processor.py:830} INFO - Processing file /opt/airflow/dags/etl_dag.py for tasks to queue
[2026-05-18T23:42:29.585+0000] {logging_mixin.py:188} INFO - [2026-05-18T23:42:29.584+0000] {dagbag.py:538} INFO - Filling up the DagBag from /opt/airflow/dags/etl_dag.py
[2026-05-18T23:42:30.145+0000] {processor.py:840} INFO - DAG(s) 'etl_end_to_end_pipeline' retrieved from /opt/airflow/dags/etl_dag.py
[2026-05-18T23:42:30.171+0000] {logging_mixin.py:188} INFO - [2026-05-18T23:42:30.170+0000] {dag.py:3036} INFO - Sync 1 DAGs
[2026-05-18T23:42:30.190+0000] {logging_mixin.py:188} INFO - [2026-05-18T23:42:30.189+0000] {dag.py:3823} INFO - Setting next_dagrun for etl_end_to_end_pipeline to 2026-05-18 00:00:00+00:00, run_after=2026-05-19 00:00:00+00:00
[2026-05-18T23:42:30.210+0000] {processor.py:183} INFO - Processing /opt/airflow/dags/etl_dag.py took 0.633 seconds
[2026-05-18T23:43:00.401+0000] {processor.py:161} INFO - Started process (PID=387) to work on /opt/airflow/dags/etl_dag.py
[2026-05-18T23:43:00.403+0000] {processor.py:830} INFO - Processing file /opt/airflow/dags/etl_dag.py for tasks to queue
[2026-05-18T23:43:00.404+0000] {logging_mixin.py:188} INFO - [2026-05-18T23:43:00.403+0000] {dagbag.py:538} INFO - Filling up the DagBag from /opt/airflow/dags/etl_dag.py
[2026-05-18T23:43:00.940+0000] {processor.py:840} INFO - DAG(s) 'etl_end_to_end_pipeline' retrieved from /opt/airflow/dags/etl_dag.py
[2026-05-18T23:43:00.966+0000] {logging_mixin.py:188} INFO - [2026-05-18T23:43:00.966+0000] {dag.py:3036} INFO - Sync 1 DAGs
[2026-05-18T23:43:00.983+0000] {logging_mixin.py:188} INFO - [2026-05-18T23:43:00.983+0000] {dag.py:3823} INFO - Setting next_dagrun for etl_end_to_end_pipeline to 2026-05-18 00:00:00+00:00, run_after=2026-05-19 00:00:00+00:00
[2026-05-18T23:43:01.000+0000] {processor.py:183} INFO - Processing /opt/airflow/dags/etl_dag.py took 0.603 seconds
[2026-05-18T23:43:31.228+0000] {processor.py:161} INFO - Started process (PID=399) to work on /opt/airflow/dags/etl_dag.py
[2026-05-18T23:43:31.230+0000] {processor.py:830} INFO - Processing file /opt/airflow/dags/etl_dag.py for tasks to queue
[2026-05-18T23:43:31.232+0000] {logging_mixin.py:188} INFO - [2026-05-18T23:43:31.231+0000] {dagbag.py:538} INFO - Filling up the DagBag from /opt/airflow/dags/etl_dag.py
[2026-05-18T23:43:31.858+0000] {processor.py:840} INFO - DAG(s) 'etl_end_to_end_pipeline' retrieved from /opt/airflow/dags/etl_dag.py
[2026-05-18T23:43:31.890+0000] {logging_mixin.py:188} INFO - [2026-05-18T23:43:31.889+0000] {dag.py:3036} INFO - Sync 1 DAGs
[2026-05-18T23:43:31.920+0000] {logging_mixin.py:188} INFO - [2026-05-18T23:43:31.920+0000] {dag.py:3823} INFO - Setting next_dagrun for etl_end_to_end_pipeline to 2026-05-18 00:00:00+00:00, run_after=2026-05-19 00:00:00+00:00
[2026-05-18T23:43:31.944+0000] {processor.py:183} INFO - Processing /opt/airflow/dags/etl_dag.py took 0.722 seconds
[2026-05-18T23:44:02.144+0000] {processor.py:161} INFO - Started process (PID=411) to work on /opt/airflow/dags/etl_dag.py
[2026-05-18T23:44:02.145+0000] {processor.py:830} INFO - Processing file /opt/airflow/dags/etl_dag.py for tasks to queue
[2026-05-18T23:44:02.146+0000] {logging_mixin.py:188} INFO - [2026-05-18T23:44:02.146+0000] {dagbag.py:538} INFO - Filling up the DagBag from /opt/airflow/dags/etl_dag.py
[2026-05-18T23:44:02.679+0000] {processor.py:840} INFO - DAG(s) 'etl_end_to_end_pipeline' retrieved from /opt/airflow/dags/etl_dag.py
[2026-05-18T23:44:02.706+0000] {logging_mixin.py:188} INFO - [2026-05-18T23:44:02.706+0000] {dag.py:3036} INFO - Sync 1 DAGs
[2026-05-18T23:44:02.725+0000] {logging_mixin.py:188} INFO - [2026-05-18T23:44:02.725+0000] {dag.py:3823} INFO - Setting next_dagrun for etl_end_to_end_pipeline to 2026-05-18 00:00:00+00:00, run_after=2026-05-19 00:00:00+00:00
[2026-05-18T23:44:02.742+0000] {processor.py:183} INFO - Processing /opt/airflow/dags/etl_dag.py took 0.602 seconds
[2026-05-18T23:44:32.845+0000] {processor.py:161} INFO - Started process (PID=423) to work on /opt/airflow/dags/etl_dag.py
[2026-05-18T23:44:32.846+0000] {processor.py:830} INFO - Processing file /opt/airflow/dags/etl_dag.py for tasks to queue
[2026-05-18T23:44:32.847+0000] {logging_mixin.py:188} INFO - [2026-05-18T23:44:32.847+0000] {dagbag.py:538} INFO - Filling up the DagBag from /opt/airflow/dags/etl_dag.py
[2026-05-18T23:44:33.385+0000] {processor.py:840} INFO - DAG(s) 'etl_end_to_end_pipeline' retrieved from /opt/airflow/dags/etl_dag.py
[2026-05-18T23:44:33.411+0000] {logging_mixin.py:188} INFO - [2026-05-18T23:44:33.410+0000] {dag.py:3036} INFO - Sync 1 DAGs
[2026-05-18T23:44:33.429+0000] {logging_mixin.py:188} INFO - [2026-05-18T23:44:33.429+0000] {dag.py:3823} INFO - Setting next_dagrun for etl_end_to_end_pipeline to 2026-05-18 00:00:00+00:00, run_after=2026-05-19 00:00:00+00:00
[2026-05-18T23:44:33.445+0000] {processor.py:183} INFO - Processing /opt/airflow/dags/etl_dag.py took 0.604 seconds
[2026-05-18T23:45:03.634+0000] {processor.py:161} INFO - Started process (PID=435) to work on /opt/airflow/dags/etl_dag.py
[2026-05-18T23:45:03.635+0000] {processor.py:830} INFO - Processing file /opt/airflow/dags/etl_dag.py for tasks to queue
[2026-05-18T23:45:03.636+0000] {logging_mixin.py:188} INFO - [2026-05-18T23:45:03.635+0000] {dagbag.py:538} INFO - Filling up the DagBag from /opt/airflow/dags/etl_dag.py
[2026-05-18T23:45:04.181+0000] {processor.py:840} INFO - DAG(s) 'etl_end_to_end_pipeline' retrieved from /opt/airflow/dags/etl_dag.py
[2026-05-18T23:45:04.208+0000] {logging_mixin.py:188} INFO - [2026-05-18T23:45:04.208+0000] {dag.py:3036} INFO - Sync 1 DAGs
[2026-05-18T23:45:04.230+0000] {logging_mixin.py:188} INFO - [2026-05-18T23:45:04.229+0000] {dag.py:3823} INFO - Setting next_dagrun for etl_end_to_end_pipeline to 2026-05-18 00:00:00+00:00, run_after=2026-05-19 00:00:00+00:00
[2026-05-18T23:45:04.248+0000] {processor.py:183} INFO - Processing /opt/airflow/dags/etl_dag.py took 0.618 seconds
[2026-05-18T23:45:34.431+0000] {processor.py:161} INFO - Started process (PID=447) to work on /opt/airflow/dags/etl_dag.py
[2026-05-18T23:45:34.432+0000] {processor.py:830} INFO - Processing file /opt/airflow/dags/etl_dag.py for tasks to queue
[2026-05-18T23:45:34.433+0000] {logging_mixin.py:188} INFO - [2026-05-18T23:45:34.432+0000] {dagbag.py:538} INFO - Filling up the DagBag from /opt/airflow/dags/etl_dag.py
[2026-05-18T23:45:34.929+0000] {processor.py:840} INFO - DAG(s) 'etl_end_to_end_pipeline' retrieved from /opt/airflow/dags/etl_dag.py
[2026-05-18T23:45:34.954+0000] {logging_mixin.py:188} INFO - [2026-05-18T23:45:34.953+0000] {dag.py:3036} INFO - Sync 1 DAGs
[2026-05-18T23:45:34.974+0000] {logging_mixin.py:188} INFO - [2026-05-18T23:45:34.974+0000] {dag.py:3823} INFO - Setting next_dagrun for etl_end_to_end_pipeline to 2026-05-18 00:00:00+00:00, run_after=2026-05-19 00:00:00+00:00
[2026-05-18T23:45:34.991+0000] {processor.py:183} INFO - Processing /opt/airflow/dags/etl_dag.py took 0.564 seconds
[2026-05-18T23:46:05.185+0000] {processor.py:161} INFO - Started process (PID=459) to work on /opt/airflow/dags/etl_dag.py
[2026-05-18T23:46:05.186+0000] {processor.py:830} INFO - Processing file /opt/airflow/dags/etl_dag.py for tasks to queue
[2026-05-18T23:46:05.187+0000] {logging_mixin.py:188} INFO - [2026-05-18T23:46:05.187+0000] {dagbag.py:538} INFO - Filling up the DagBag from /opt/airflow/dags/etl_dag.py
[2026-05-18T23:46:05.710+0000] {processor.py:840} INFO - DAG(s) 'etl_end_to_end_pipeline' retrieved from /opt/airflow/dags/etl_dag.py
[2026-05-18T23:46:05.736+0000] {logging_mixin.py:188} INFO - [2026-05-18T23:46:05.736+0000] {dag.py:3036} INFO - Sync 1 DAGs
[2026-05-18T23:46:05.755+0000] {logging_mixin.py:188} INFO - [2026-05-18T23:46:05.755+0000] {dag.py:3823} INFO - Setting next_dagrun for etl_end_to_end_pipeline to 2026-05-18 00:00:00+00:00, run_after=2026-05-19 00:00:00+00:00
[2026-05-18T23:46:05.772+0000] {processor.py:183} INFO - Processing /opt/airflow/dags/etl_dag.py took 0.591 seconds
[2026-05-18T23:46:35.952+0000] {processor.py:161} INFO - Started process (PID=471) to work on /opt/airflow/dags/etl_dag.py
[2026-05-18T23:46:35.953+0000] {processor.py:830} INFO - Processing file /opt/airflow/dags/etl_dag.py for tasks to queue
[2026-05-18T23:46:35.954+0000] {logging_mixin.py:188} INFO - [2026-05-18T23:46:35.954+0000] {dagbag.py:538} INFO - Filling up the DagBag from /opt/airflow/dags/etl_dag.py
[2026-05-18T23:46:36.487+0000] {processor.py:840} INFO - DAG(s) 'etl_end_to_end_pipeline' retrieved from /opt/airflow/dags/etl_dag.py
[2026-05-18T23:46:36.512+0000] {logging_mixin.py:188} INFO - [2026-05-18T23:46:36.512+0000] {dag.py:3036} INFO - Sync 1 DAGs
[2026-05-18T23:46:36.530+0000] {logging_mixin.py:188} INFO - [2026-05-18T23:46:36.530+0000] {dag.py:3823} INFO - Setting next_dagrun for etl_end_to_end_pipeline to 2026-05-18 00:00:00+00:00, run_after=2026-05-19 00:00:00+00:00
[2026-05-18T23:46:36.547+0000] {processor.py:183} INFO - Processing /opt/airflow/dags/etl_dag.py took 0.599 seconds
[2026-05-18T23:47:06.743+0000] {processor.py:161} INFO - Started process (PID=483) to work on /opt/airflow/dags/etl_dag.py
[2026-05-18T23:47:06.744+0000] {processor.py:830} INFO - Processing file /opt/airflow/dags/etl_dag.py for tasks to queue
[2026-05-18T23:47:06.745+0000] {logging_mixin.py:188} INFO - [2026-05-18T23:47:06.745+0000] {dagbag.py:538} INFO - Filling up the DagBag from /opt/airflow/dags/etl_dag.py
[2026-05-18T23:47:07.250+0000] {processor.py:840} INFO - DAG(s) 'etl_end_to_end_pipeline' retrieved from /opt/airflow/dags/etl_dag.py
[2026-05-18T23:47:07.274+0000] {logging_mixin.py:188} INFO - [2026-05-18T23:47:07.274+0000] {dag.py:3036} INFO - Sync 1 DAGs
[2026-05-18T23:47:07.292+0000] {logging_mixin.py:188} INFO - [2026-05-18T23:47:07.292+0000] {dag.py:3823} INFO - Setting next_dagrun for etl_end_to_end_pipeline to 2026-05-18 00:00:00+00:00, run_after=2026-05-19 00:00:00+00:00
[2026-05-18T23:47:07.312+0000] {processor.py:183} INFO - Processing /opt/airflow/dags/etl_dag.py took 0.573 seconds
[2026-05-18T23:47:37.559+0000] {processor.py:161} INFO - Started process (PID=495) to work on /opt/airflow/dags/etl_dag.py
[2026-05-18T23:47:37.568+0000] {processor.py:830} INFO - Processing file /opt/airflow/dags/etl_dag.py for tasks to queue
[2026-05-18T23:47:37.574+0000] {logging_mixin.py:188} INFO - [2026-05-18T23:47:37.572+0000] {dagbag.py:538} INFO - Filling up the DagBag from /opt/airflow/dags/etl_dag.py
[2026-05-18T23:47:38.839+0000] {processor.py:840} INFO - DAG(s) 'etl_end_to_end_pipeline' retrieved from /opt/airflow/dags/etl_dag.py
[2026-05-18T23:47:38.876+0000] {logging_mixin.py:188} INFO - [2026-05-18T23:47:38.876+0000] {dag.py:3036} INFO - Sync 1 DAGs
[2026-05-18T23:47:38.906+0000] {logging_mixin.py:188} INFO - [2026-05-18T23:47:38.906+0000] {dag.py:3823} INFO - Setting next_dagrun for etl_end_to_end_pipeline to 2026-05-18 00:00:00+00:00, run_after=2026-05-19 00:00:00+00:00
[2026-05-18T23:47:38.924+0000] {processor.py:183} INFO - Processing /opt/airflow/dags/etl_dag.py took 1.403 seconds
[2026-05-18T23:48:09.153+0000] {processor.py:161} INFO - Started process (PID=507) to work on /opt/airflow/dags/etl_dag.py
[2026-05-18T23:48:09.155+0000] {processor.py:830} INFO - Processing file /opt/airflow/dags/etl_dag.py for tasks to queue
[2026-05-18T23:48:09.158+0000] {logging_mixin.py:188} INFO - [2026-05-18T23:48:09.156+0000] {dagbag.py:538} INFO - Filling up the DagBag from /opt/airflow/dags/etl_dag.py
[2026-05-18T23:48:10.177+0000] {processor.py:840} INFO - DAG(s) 'etl_end_to_end_pipeline' retrieved from /opt/airflow/dags/etl_dag.py
[2026-05-18T23:48:10.240+0000] {logging_mixin.py:188} INFO - [2026-05-18T23:48:10.236+0000] {dag.py:3036} INFO - Sync 1 DAGs
[2026-05-18T23:48:10.274+0000] {logging_mixin.py:188} INFO - [2026-05-18T23:48:10.274+0000] {dag.py:3823} INFO - Setting next_dagrun for etl_end_to_end_pipeline to 2026-05-18 00:00:00+00:00, run_after=2026-05-19 00:00:00+00:00
[2026-05-18T23:48:10.298+0000] {processor.py:183} INFO - Processing /opt/airflow/dags/etl_dag.py took 1.156 seconds
[2026-05-18T23:48:40.480+0000] {processor.py:161} INFO - Started process (PID=519) to work on /opt/airflow/dags/etl_dag.py
[2026-05-18T23:48:40.481+0000] {processor.py:830} INFO - Processing file /opt/airflow/dags/etl_dag.py for tasks to queue
[2026-05-18T23:48:40.483+0000] {logging_mixin.py:188} INFO - [2026-05-18T23:48:40.482+0000] {dagbag.py:538} INFO - Filling up the DagBag from /opt/airflow/dags/etl_dag.py
[2026-05-18T23:48:41.030+0000] {processor.py:840} INFO - DAG(s) 'etl_end_to_end_pipeline' retrieved from /opt/airflow/dags/etl_dag.py
[2026-05-18T23:48:41.058+0000] {logging_mixin.py:188} INFO - [2026-05-18T23:48:41.058+0000] {dag.py:3036} INFO - Sync 1 DAGs
[2026-05-18T23:48:41.077+0000] {logging_mixin.py:188} INFO - [2026-05-18T23:48:41.077+0000] {dag.py:3823} INFO - Setting next_dagrun for etl_end_to_end_pipeline to 2026-05-18 00:00:00+00:00, run_after=2026-05-19 00:00:00+00:00
[2026-05-18T23:48:41.093+0000] {processor.py:183} INFO - Processing /opt/airflow/dags/etl_dag.py took 0.617 seconds
[2026-05-18T23:49:11.293+0000] {processor.py:161} INFO - Started process (PID=531) to work on /opt/airflow/dags/etl_dag.py
[2026-05-18T23:49:11.294+0000] {processor.py:830} INFO - Processing file /opt/airflow/dags/etl_dag.py for tasks to queue
[2026-05-18T23:49:11.295+0000] {logging_mixin.py:188} INFO - [2026-05-18T23:49:11.294+0000] {dagbag.py:538} INFO - Filling up the DagBag from /opt/airflow/dags/etl_dag.py
[2026-05-18T23:49:11.820+0000] {processor.py:840} INFO - DAG(s) 'etl_end_to_end_pipeline' retrieved from /opt/airflow/dags/etl_dag.py
[2026-05-18T23:49:11.847+0000] {logging_mixin.py:188} INFO - [2026-05-18T23:49:11.846+0000] {dag.py:3036} INFO - Sync 1 DAGs
[2026-05-18T23:49:11.866+0000] {logging_mixin.py:188} INFO - [2026-05-18T23:49:11.866+0000] {dag.py:3823} INFO - Setting next_dagrun for etl_end_to_end_pipeline to 2026-05-18 00:00:00+00:00, run_after=2026-05-19 00:00:00+00:00
[2026-05-18T23:49:11.884+0000] {processor.py:183} INFO - Processing /opt/airflow/dags/etl_dag.py took 0.595 seconds
[2026-05-18T23:49:42.097+0000] {processor.py:161} INFO - Started process (PID=543) to work on /opt/airflow/dags/etl_dag.py
[2026-05-18T23:49:42.099+0000] {processor.py:830} INFO - Processing file /opt/airflow/dags/etl_dag.py for tasks to queue
[2026-05-18T23:49:42.101+0000] {logging_mixin.py:188} INFO - [2026-05-18T23:49:42.101+0000] {dagbag.py:538} INFO - Filling up the DagBag from /opt/airflow/dags/etl_dag.py
[2026-05-18T23:49:42.936+0000] {processor.py:840} INFO - DAG(s) 'etl_end_to_end_pipeline' retrieved from /opt/airflow/dags/etl_dag.py
[2026-05-18T23:49:42.971+0000] {logging_mixin.py:188} INFO - [2026-05-18T23:49:42.970+0000] {dag.py:3036} INFO - Sync 1 DAGs
[2026-05-18T23:49:43.007+0000] {logging_mixin.py:188} INFO - [2026-05-18T23:49:43.007+0000] {dag.py:3823} INFO - Setting next_dagrun for etl_end_to_end_pipeline to 2026-05-18 00:00:00+00:00, run_after=2026-05-19 00:00:00+00:00
[2026-05-18T23:49:43.043+0000] {processor.py:183} INFO - Processing /opt/airflow/dags/etl_dag.py took 0.951 seconds
[2026-05-18T23:50:13.235+0000] {processor.py:161} INFO - Started process (PID=561) to work on /opt/airflow/dags/etl_dag.py
[2026-05-18T23:50:13.236+0000] {processor.py:830} INFO - Processing file /opt/airflow/dags/etl_dag.py for tasks to queue
[2026-05-18T23:50:13.237+0000] {logging_mixin.py:188} INFO - [2026-05-18T23:50:13.237+0000] {dagbag.py:538} INFO - Filling up the DagBag from /opt/airflow/dags/etl_dag.py
[2026-05-18T23:50:13.770+0000] {processor.py:840} INFO - DAG(s) 'etl_end_to_end_pipeline' retrieved from /opt/airflow/dags/etl_dag.py
[2026-05-18T23:50:13.795+0000] {logging_mixin.py:188} INFO - [2026-05-18T23:50:13.795+0000] {dag.py:3036} INFO - Sync 1 DAGs
[2026-05-18T23:50:13.812+0000] {logging_mixin.py:188} INFO - [2026-05-18T23:50:13.812+0000] {dag.py:3823} INFO - Setting next_dagrun for etl_end_to_end_pipeline to 2026-05-18 00:00:00+00:00, run_after=2026-05-19 00:00:00+00:00
[2026-05-18T23:50:13.829+0000] {processor.py:183} INFO - Processing /opt/airflow/dags/etl_dag.py took 0.597 seconds
[2026-05-18T23:50:44.034+0000] {processor.py:161} INFO - Started process (PID=573) to work on /opt/airflow/dags/etl_dag.py
[2026-05-18T23:50:44.036+0000] {processor.py:830} INFO - Processing file /opt/airflow/dags/etl_dag.py for tasks to queue
[2026-05-18T23:50:44.037+0000] {logging_mixin.py:188} INFO - [2026-05-18T23:50:44.036+0000] {dagbag.py:538} INFO - Filling up the DagBag from /opt/airflow/dags/etl_dag.py
[2026-05-18T23:50:44.660+0000] {processor.py:840} INFO - DAG(s) 'etl_end_to_end_pipeline' retrieved from /opt/airflow/dags/etl_dag.py
[2026-05-18T23:50:44.691+0000] {logging_mixin.py:188} INFO - [2026-05-18T23:50:44.691+0000] {dag.py:3036} INFO - Sync 1 DAGs
[2026-05-18T23:50:44.709+0000] {logging_mixin.py:188} INFO - [2026-05-18T23:50:44.708+0000] {dag.py:3823} INFO - Setting next_dagrun for etl_end_to_end_pipeline to 2026-05-18 00:00:00+00:00, run_after=2026-05-19 00:00:00+00:00
[2026-05-18T23:50:44.725+0000] {processor.py:183} INFO - Processing /opt/airflow/dags/etl_dag.py took 0.696 seconds
[2026-05-18T23:51:14.910+0000] {processor.py:161} INFO - Started process (PID=586) to work on /opt/airflow/dags/etl_dag.py
[2026-05-18T23:51:14.911+0000] {processor.py:830} INFO - Processing file /opt/airflow/dags/etl_dag.py for tasks to queue
[2026-05-18T23:51:14.912+0000] {logging_mixin.py:188} INFO - [2026-05-18T23:51:14.912+0000] {dagbag.py:538} INFO - Filling up the DagBag from /opt/airflow/dags/etl_dag.py
[2026-05-18T23:51:15.415+0000] {processor.py:840} INFO - DAG(s) 'etl_end_to_end_pipeline' retrieved from /opt/airflow/dags/etl_dag.py
[2026-05-18T23:51:15.441+0000] {logging_mixin.py:188} INFO - [2026-05-18T23:51:15.441+0000] {dag.py:3036} INFO - Sync 1 DAGs
[2026-05-18T23:51:15.464+0000] {logging_mixin.py:188} INFO - [2026-05-18T23:51:15.463+0000] {dag.py:3823} INFO - Setting next_dagrun for etl_end_to_end_pipeline to 2026-05-18 00:00:00+00:00, run_after=2026-05-19 00:00:00+00:00
[2026-05-18T23:51:15.483+0000] {processor.py:183} INFO - Processing /opt/airflow/dags/etl_dag.py took 0.576 seconds
[2026-05-18T23:51:45.673+0000] {processor.py:161} INFO - Started process (PID=598) to work on /opt/airflow/dags/etl_dag.py
[2026-05-18T23:51:45.675+0000] {processor.py:830} INFO - Processing file /opt/airflow/dags/etl_dag.py for tasks to queue
[2026-05-18T23:51:45.676+0000] {logging_mixin.py:188} INFO - [2026-05-18T23:51:45.675+0000] {dagbag.py:538} INFO - Filling up the DagBag from /opt/airflow/dags/etl_dag.py
[2026-05-18T23:51:46.210+0000] {processor.py:840} INFO - DAG(s) 'etl_end_to_end_pipeline' retrieved from /opt/airflow/dags/etl_dag.py
[2026-05-18T23:51:46.236+0000] {logging_mixin.py:188} INFO - [2026-05-18T23:51:46.235+0000] {dag.py:3036} INFO - Sync 1 DAGs
[2026-05-18T23:51:46.253+0000] {logging_mixin.py:188} INFO - [2026-05-18T23:51:46.253+0000] {dag.py:3823} INFO - Setting next_dagrun for etl_end_to_end_pipeline to 2026-05-18 00:00:00+00:00, run_after=2026-05-19 00:00:00+00:00
[2026-05-18T23:51:46.273+0000] {processor.py:183} INFO - Processing /opt/airflow/dags/etl_dag.py took 0.604 seconds
[2026-05-18T23:52:16.472+0000] {processor.py:161} INFO - Started process (PID=610) to work on /opt/airflow/dags/etl_dag.py
[2026-05-18T23:52:16.474+0000] {processor.py:830} INFO - Processing file /opt/airflow/dags/etl_dag.py for tasks to queue
[2026-05-18T23:52:16.475+0000] {logging_mixin.py:188} INFO - [2026-05-18T23:52:16.475+0000] {dagbag.py:538} INFO - Filling up the DagBag from /opt/airflow/dags/etl_dag.py
[2026-05-18T23:52:17.126+0000] {processor.py:840} INFO - DAG(s) 'etl_end_to_end_pipeline' retrieved from /opt/airflow/dags/etl_dag.py
[2026-05-18T23:52:17.158+0000] {logging_mixin.py:188} INFO - [2026-05-18T23:52:17.158+0000] {dag.py:3036} INFO - Sync 1 DAGs
[2026-05-18T23:52:17.177+0000] {logging_mixin.py:188} INFO - [2026-05-18T23:52:17.177+0000] {dag.py:3823} INFO - Setting next_dagrun for etl_end_to_end_pipeline to 2026-05-18 00:00:00+00:00, run_after=2026-05-19 00:00:00+00:00
[2026-05-18T23:52:17.193+0000] {processor.py:183} INFO - Processing /opt/airflow/dags/etl_dag.py took 0.726 seconds
[2026-05-18T23:52:47.407+0000] {processor.py:161} INFO - Started process (PID=622) to work on /opt/airflow/dags/etl_dag.py
[2026-05-18T23:52:47.409+0000] {processor.py:830} INFO - Processing file /opt/airflow/dags/etl_dag.py for tasks to queue
[2026-05-18T23:52:47.410+0000] {logging_mixin.py:188} INFO - [2026-05-18T23:52:47.409+0000] {dagbag.py:538} INFO - Filling up the DagBag from /opt/airflow/dags/etl_dag.py
[2026-05-18T23:52:47.916+0000] {processor.py:840} INFO - DAG(s) 'etl_end_to_end_pipeline' retrieved from /opt/airflow/dags/etl_dag.py
[2026-05-18T23:52:47.941+0000] {logging_mixin.py:188} INFO - [2026-05-18T23:52:47.941+0000] {dag.py:3036} INFO - Sync 1 DAGs
[2026-05-18T23:52:47.959+0000] {logging_mixin.py:188} INFO - [2026-05-18T23:52:47.959+0000] {dag.py:3823} INFO - Setting next_dagrun for etl_end_to_end_pipeline to 2026-05-18 00:00:00+00:00, run_after=2026-05-19 00:00:00+00:00
[2026-05-18T23:52:47.976+0000] {processor.py:183} INFO - Processing /opt/airflow/dags/etl_dag.py took 0.572 seconds
[2026-05-18T23:53:18.124+0000] {processor.py:161} INFO - Started process (PID=634) to work on /opt/airflow/dags/etl_dag.py
[2026-05-18T23:53:18.125+0000] {processor.py:830} INFO - Processing file /opt/airflow/dags/etl_dag.py for tasks to queue
[2026-05-18T23:53:18.126+0000] {logging_mixin.py:188} INFO - [2026-05-18T23:53:18.126+0000] {dagbag.py:538} INFO - Filling up the DagBag from /opt/airflow/dags/etl_dag.py
[2026-05-18T23:53:18.617+0000] {processor.py:840} INFO - DAG(s) 'etl_end_to_end_pipeline' retrieved from /opt/airflow/dags/etl_dag.py
[2026-05-18T23:53:18.643+0000] {logging_mixin.py:188} INFO - [2026-05-18T23:53:18.643+0000] {dag.py:3036} INFO - Sync 1 DAGs
[2026-05-18T23:53:18.663+0000] {logging_mixin.py:188} INFO - [2026-05-18T23:53:18.663+0000] {dag.py:3823} INFO - Setting next_dagrun for etl_end_to_end_pipeline to 2026-05-18 00:00:00+00:00, run_after=2026-05-19 00:00:00+00:00
[2026-05-18T23:53:18.679+0000] {processor.py:183} INFO - Processing /opt/airflow/dags/etl_dag.py took 0.558 seconds
[2026-05-18T23:53:48.880+0000] {processor.py:161} INFO - Started process (PID=647) to work on /opt/airflow/dags/etl_dag.py
[2026-05-18T23:53:48.881+0000] {processor.py:830} INFO - Processing file /opt/airflow/dags/etl_dag.py for tasks to queue
[2026-05-18T23:53:48.882+0000] {logging_mixin.py:188} INFO - [2026-05-18T23:53:48.882+0000] {dagbag.py:538} INFO - Filling up the DagBag from /opt/airflow/dags/etl_dag.py
[2026-05-18T23:53:49.413+0000] {processor.py:840} INFO - DAG(s) 'etl_end_to_end_pipeline' retrieved from /opt/airflow/dags/etl_dag.py
[2026-05-18T23:53:49.439+0000] {logging_mixin.py:188} INFO - [2026-05-18T23:53:49.439+0000] {dag.py:3036} INFO - Sync 1 DAGs
[2026-05-18T23:53:49.460+0000] {logging_mixin.py:188} INFO - [2026-05-18T23:53:49.460+0000] {dag.py:3823} INFO - Setting next_dagrun for etl_end_to_end_pipeline to 2026-05-18 00:00:00+00:00, run_after=2026-05-19 00:00:00+00:00
[2026-05-18T23:53:49.490+0000] {processor.py:183} INFO - Processing /opt/airflow/dags/etl_dag.py took 0.614 seconds
[2026-05-18T23:54:19.683+0000] {processor.py:161} INFO - Started process (PID=659) to work on /opt/airflow/dags/etl_dag.py
[2026-05-18T23:54:19.684+0000] {processor.py:830} INFO - Processing file /opt/airflow/dags/etl_dag.py for tasks to queue
[2026-05-18T23:54:19.685+0000] {logging_mixin.py:188} INFO - [2026-05-18T23:54:19.685+0000] {dagbag.py:538} INFO - Filling up the DagBag from /opt/airflow/dags/etl_dag.py
[2026-05-18T23:54:20.191+0000] {processor.py:840} INFO - DAG(s) 'etl_end_to_end_pipeline' retrieved from /opt/airflow/dags/etl_dag.py
[2026-05-18T23:54:20.219+0000] {logging_mixin.py:188} INFO - [2026-05-18T23:54:20.218+0000] {dag.py:3036} INFO - Sync 1 DAGs
[2026-05-18T23:54:20.237+0000] {logging_mixin.py:188} INFO - [2026-05-18T23:54:20.237+0000] {dag.py:3823} INFO - Setting next_dagrun for etl_end_to_end_pipeline to 2026-05-18 00:00:00+00:00, run_after=2026-05-19 00:00:00+00:00
[2026-05-18T23:54:20.255+0000] {processor.py:183} INFO - Processing /opt/airflow/dags/etl_dag.py took 0.576 seconds
[2026-05-18T23:54:50.452+0000] {processor.py:161} INFO - Started process (PID=671) to work on /opt/airflow/dags/etl_dag.py
[2026-05-18T23:54:50.454+0000] {processor.py:830} INFO - Processing file /opt/airflow/dags/etl_dag.py for tasks to queue
[2026-05-18T23:54:50.455+0000] {logging_mixin.py:188} INFO - [2026-05-18T23:54:50.455+0000] {dagbag.py:538} INFO - Filling up the DagBag from /opt/airflow/dags/etl_dag.py
[2026-05-18T23:54:50.982+0000] {processor.py:840} INFO - DAG(s) 'etl_end_to_end_pipeline' retrieved from /opt/airflow/dags/etl_dag.py
[2026-05-18T23:54:51.006+0000] {logging_mixin.py:188} INFO - [2026-05-18T23:54:51.005+0000] {dag.py:3036} INFO - Sync 1 DAGs
[2026-05-18T23:54:51.022+0000] {logging_mixin.py:188} INFO - [2026-05-18T23:54:51.022+0000] {dag.py:3823} INFO - Setting next_dagrun for etl_end_to_end_pipeline to 2026-05-18 00:00:00+00:00, run_after=2026-05-19 00:00:00+00:00
[2026-05-18T23:54:51.039+0000] {processor.py:183} INFO - Processing /opt/airflow/dags/etl_dag.py took 0.590 seconds
[2026-05-18T23:55:21.232+0000] {processor.py:161} INFO - Started process (PID=683) to work on /opt/airflow/dags/etl_dag.py
[2026-05-18T23:55:21.233+0000] {processor.py:830} INFO - Processing file /opt/airflow/dags/etl_dag.py for tasks to queue
[2026-05-18T23:55:21.234+0000] {logging_mixin.py:188} INFO - [2026-05-18T23:55:21.234+0000] {dagbag.py:538} INFO - Filling up the DagBag from /opt/airflow/dags/etl_dag.py
[2026-05-18T23:55:21.845+0000] {processor.py:840} INFO - DAG(s) 'etl_end_to_end_pipeline' retrieved from /opt/airflow/dags/etl_dag.py
[2026-05-18T23:55:21.872+0000] {logging_mixin.py:188} INFO - [2026-05-18T23:55:21.872+0000] {dag.py:3036} INFO - Sync 1 DAGs
[2026-05-18T23:55:21.893+0000] {logging_mixin.py:188} INFO - [2026-05-18T23:55:21.893+0000] {dag.py:3823} INFO - Setting next_dagrun for etl_end_to_end_pipeline to 2026-05-18 00:00:00+00:00, run_after=2026-05-19 00:00:00+00:00
[2026-05-18T23:55:21.910+0000] {processor.py:183} INFO - Processing /opt/airflow/dags/etl_dag.py took 0.683 seconds
[2026-05-18T23:55:52.117+0000] {processor.py:161} INFO - Started process (PID=696) to work on /opt/airflow/dags/etl_dag.py
[2026-05-18T23:55:52.119+0000] {processor.py:830} INFO - Processing file /opt/airflow/dags/etl_dag.py for tasks to queue
[2026-05-18T23:55:52.120+0000] {logging_mixin.py:188} INFO - [2026-05-18T23:55:52.119+0000] {dagbag.py:538} INFO - Filling up the DagBag from /opt/airflow/dags/etl_dag.py
[2026-05-18T23:55:52.620+0000] {processor.py:840} INFO - DAG(s) 'etl_end_to_end_pipeline' retrieved from /opt/airflow/dags/etl_dag.py
[2026-05-18T23:55:52.644+0000] {logging_mixin.py:188} INFO - [2026-05-18T23:55:52.644+0000] {dag.py:3036} INFO - Sync 1 DAGs
[2026-05-18T23:55:52.662+0000] {logging_mixin.py:188} INFO - [2026-05-18T23:55:52.662+0000] {dag.py:3823} INFO - Setting next_dagrun for etl_end_to_end_pipeline to 2026-05-18 00:00:00+00:00, run_after=2026-05-19 00:00:00+00:00
[2026-05-18T23:55:52.678+0000] {processor.py:183} INFO - Processing /opt/airflow/dags/etl_dag.py took 0.566 seconds
[2026-05-18T23:56:22.863+0000] {processor.py:161} INFO - Started process (PID=708) to work on /opt/airflow/dags/etl_dag.py
[2026-05-18T23:56:22.864+0000] {processor.py:830} INFO - Processing file /opt/airflow/dags/etl_dag.py for tasks to queue
[2026-05-18T23:56:22.865+0000] {logging_mixin.py:188} INFO - [2026-05-18T23:56:22.865+0000] {dagbag.py:538} INFO - Filling up the DagBag from /opt/airflow/dags/etl_dag.py
[2026-05-18T23:56:23.359+0000] {processor.py:840} INFO - DAG(s) 'etl_end_to_end_pipeline' retrieved from /opt/airflow/dags/etl_dag.py
[2026-05-18T23:56:23.385+0000] {logging_mixin.py:188} INFO - [2026-05-18T23:56:23.384+0000] {dag.py:3036} INFO - Sync 1 DAGs
[2026-05-18T23:56:23.402+0000] {logging_mixin.py:188} INFO - [2026-05-18T23:56:23.402+0000] {dag.py:3823} INFO - Setting next_dagrun for etl_end_to_end_pipeline to 2026-05-18 00:00:00+00:00, run_after=2026-05-19 00:00:00+00:00
[2026-05-18T23:56:23.418+0000] {processor.py:183} INFO - Processing /opt/airflow/dags/etl_dag.py took 0.558 seconds
[2026-05-18T23:56:53.621+0000] {processor.py:161} INFO - Started process (PID=720) to work on /opt/airflow/dags/etl_dag.py
[2026-05-18T23:56:53.623+0000] {processor.py:830} INFO - Processing file /opt/airflow/dags/etl_dag.py for tasks to queue
[2026-05-18T23:56:53.624+0000] {logging_mixin.py:188} INFO - [2026-05-18T23:56:53.624+0000] {dagbag.py:538} INFO - Filling up the DagBag from /opt/airflow/dags/etl_dag.py
[2026-05-18T23:56:54.173+0000] {processor.py:840} INFO - DAG(s) 'etl_end_to_end_pipeline' retrieved from /opt/airflow/dags/etl_dag.py
[2026-05-18T23:56:54.199+0000] {logging_mixin.py:188} INFO - [2026-05-18T23:56:54.199+0000] {dag.py:3036} INFO - Sync 1 DAGs
[2026-05-18T23:56:54.218+0000] {logging_mixin.py:188} INFO - [2026-05-18T23:56:54.217+0000] {dag.py:3823} INFO - Setting next_dagrun for etl_end_to_end_pipeline to 2026-05-18 00:00:00+00:00, run_after=2026-05-19 00:00:00+00:00
[2026-05-18T23:56:54.235+0000] {processor.py:183} INFO - Processing /opt/airflow/dags/etl_dag.py took 0.617 seconds
[2026-05-18T23:57:24.443+0000] {processor.py:161} INFO - Started process (PID=732) to work on /opt/airflow/dags/etl_dag.py
[2026-05-18T23:57:24.445+0000] {processor.py:830} INFO - Processing file /opt/airflow/dags/etl_dag.py for tasks to queue
[2026-05-18T23:57:24.446+0000] {logging_mixin.py:188} INFO - [2026-05-18T23:57:24.445+0000] {dagbag.py:538} INFO - Filling up the DagBag from /opt/airflow/dags/etl_dag.py
[2026-05-18T23:57:24.954+0000] {processor.py:840} INFO - DAG(s) 'etl_end_to_end_pipeline' retrieved from /opt/airflow/dags/etl_dag.py
[2026-05-18T23:57:24.980+0000] {logging_mixin.py:188} INFO - [2026-05-18T23:57:24.980+0000] {dag.py:3036} INFO - Sync 1 DAGs
[2026-05-18T23:57:25.000+0000] {logging_mixin.py:188} INFO - [2026-05-18T23:57:25.000+0000] {dag.py:3823} INFO - Setting next_dagrun for etl_end_to_end_pipeline to 2026-05-18 00:00:00+00:00, run_after=2026-05-19 00:00:00+00:00
[2026-05-18T23:57:25.017+0000] {processor.py:183} INFO - Processing /opt/airflow/dags/etl_dag.py took 0.577 seconds
[2026-05-18T23:57:55.214+0000] {processor.py:161} INFO - Started process (PID=744) to work on /opt/airflow/dags/etl_dag.py
[2026-05-18T23:57:55.215+0000] {processor.py:830} INFO - Processing file /opt/airflow/dags/etl_dag.py for tasks to queue
[2026-05-18T23:57:55.216+0000] {logging_mixin.py:188} INFO - [2026-05-18T23:57:55.216+0000] {dagbag.py:538} INFO - Filling up the DagBag from /opt/airflow/dags/etl_dag.py
[2026-05-18T23:57:55.741+0000] {processor.py:840} INFO - DAG(s) 'etl_end_to_end_pipeline' retrieved from /opt/airflow/dags/etl_dag.py
[2026-05-18T23:57:55.766+0000] {logging_mixin.py:188} INFO - [2026-05-18T23:57:55.766+0000] {dag.py:3036} INFO - Sync 1 DAGs
[2026-05-18T23:57:55.784+0000] {logging_mixin.py:188} INFO - [2026-05-18T23:57:55.783+0000] {dag.py:3823} INFO - Setting next_dagrun for etl_end_to_end_pipeline to 2026-05-18 00:00:00+00:00, run_after=2026-05-19 00:00:00+00:00
[2026-05-18T23:57:55.800+0000] {processor.py:183} INFO - Processing /opt/airflow/dags/etl_dag.py took 0.590 seconds
[2026-05-18T23:58:25.980+0000] {processor.py:161} INFO - Started process (PID=756) to work on /opt/airflow/dags/etl_dag.py
[2026-05-18T23:58:25.981+0000] {processor.py:830} INFO - Processing file /opt/airflow/dags/etl_dag.py for tasks to queue
[2026-05-18T23:58:25.982+0000] {logging_mixin.py:188} INFO - [2026-05-18T23:58:25.982+0000] {dagbag.py:538} INFO - Filling up the DagBag from /opt/airflow/dags/etl_dag.py
[2026-05-18T23:58:26.499+0000] {processor.py:840} INFO - DAG(s) 'etl_end_to_end_pipeline' retrieved from /opt/airflow/dags/etl_dag.py
[2026-05-18T23:58:26.524+0000] {logging_mixin.py:188} INFO - [2026-05-18T23:58:26.524+0000] {dag.py:3036} INFO - Sync 1 DAGs
[2026-05-18T23:58:26.541+0000] {logging_mixin.py:188} INFO - [2026-05-18T23:58:26.541+0000] {dag.py:3823} INFO - Setting next_dagrun for etl_end_to_end_pipeline to 2026-05-18 00:00:00+00:00, run_after=2026-05-19 00:00:00+00:00
[2026-05-18T23:58:26.558+0000] {processor.py:183} INFO - Processing /opt/airflow/dags/etl_dag.py took 0.582 seconds
[2026-05-18T23:58:56.757+0000] {processor.py:161} INFO - Started process (PID=768) to work on /opt/airflow/dags/etl_dag.py
[2026-05-18T23:58:56.758+0000] {processor.py:830} INFO - Processing file /opt/airflow/dags/etl_dag.py for tasks to queue
[2026-05-18T23:58:56.759+0000] {logging_mixin.py:188} INFO - [2026-05-18T23:58:56.758+0000] {dagbag.py:538} INFO - Filling up the DagBag from /opt/airflow/dags/etl_dag.py
[2026-05-18T23:58:57.268+0000] {processor.py:840} INFO - DAG(s) 'etl_end_to_end_pipeline' retrieved from /opt/airflow/dags/etl_dag.py
[2026-05-18T23:58:57.294+0000] {logging_mixin.py:188} INFO - [2026-05-18T23:58:57.294+0000] {dag.py:3036} INFO - Sync 1 DAGs
[2026-05-18T23:58:57.312+0000] {logging_mixin.py:188} INFO - [2026-05-18T23:58:57.311+0000] {dag.py:3823} INFO - Setting next_dagrun for etl_end_to_end_pipeline to 2026-05-18 00:00:00+00:00, run_after=2026-05-19 00:00:00+00:00
[2026-05-18T23:58:57.328+0000] {processor.py:183} INFO - Processing /opt/airflow/dags/etl_dag.py took 0.575 seconds
[2026-05-18T23:59:27.505+0000] {processor.py:161} INFO - Started process (PID=780) to work on /opt/airflow/dags/etl_dag.py
[2026-05-18T23:59:27.506+0000] {processor.py:830} INFO - Processing file /opt/airflow/dags/etl_dag.py for tasks to queue
[2026-05-18T23:59:27.507+0000] {logging_mixin.py:188} INFO - [2026-05-18T23:59:27.507+0000] {dagbag.py:538} INFO - Filling up the DagBag from /opt/airflow/dags/etl_dag.py
[2026-05-18T23:59:28.009+0000] {processor.py:840} INFO - DAG(s) 'etl_end_to_end_pipeline' retrieved from /opt/airflow/dags/etl_dag.py
[2026-05-18T23:59:28.035+0000] {logging_mixin.py:188} INFO - [2026-05-18T23:59:28.034+0000] {dag.py:3036} INFO - Sync 1 DAGs
[2026-05-18T23:59:28.053+0000] {logging_mixin.py:188} INFO - [2026-05-18T23:59:28.052+0000] {dag.py:3823} INFO - Setting next_dagrun for etl_end_to_end_pipeline to 2026-05-18 00:00:00+00:00, run_after=2026-05-19 00:00:00+00:00
[2026-05-18T23:59:28.069+0000] {processor.py:183} INFO - Processing /opt/airflow/dags/etl_dag.py took 0.567 seconds
[2026-05-18T23:59:58.264+0000] {processor.py:161} INFO - Started process (PID=792) to work on /opt/airflow/dags/etl_dag.py
[2026-05-18T23:59:58.265+0000] {processor.py:830} INFO - Processing file /opt/airflow/dags/etl_dag.py for tasks to queue
[2026-05-18T23:59:58.265+0000] {logging_mixin.py:188} INFO - [2026-05-18T23:59:58.265+0000] {dagbag.py:538} INFO - Filling up the DagBag from /opt/airflow/dags/etl_dag.py
[2026-05-18T23:59:58.783+0000] {processor.py:840} INFO - DAG(s) 'etl_end_to_end_pipeline' retrieved from /opt/airflow/dags/etl_dag.py
[2026-05-18T23:59:58.810+0000] {logging_mixin.py:188} INFO - [2026-05-18T23:59:58.810+0000] {dag.py:3036} INFO - Sync 1 DAGs
[2026-05-18T23:59:58.828+0000] {logging_mixin.py:188} INFO - [2026-05-18T23:59:58.828+0000] {dag.py:3823} INFO - Setting next_dagrun for etl_end_to_end_pipeline to 2026-05-18 00:00:00+00:00, run_after=2026-05-19 00:00:00+00:00
[2026-05-18T23:59:58.846+0000] {processor.py:183} INFO - Processing /opt/airflow/dags/etl_dag.py took 0.585 seconds
